env,envId,sender_name,sender_prefix,cert_domain,receiver_destid,receiver_name,use_type,validUntil
production,1,Alaska,ak,izgateway.stchealthops.com,wa,Washington,PUBLIC_HEALTH,2027-08-19
production,1,Alaska,ak,epicenter.stchome.com,wa,Washington,PUBLIC_HEALTH,2027-04-01
production,1,Alaska,ak,izgateway.stchealthops.com,az,Arizona,PUBLIC_HEALTH,2027-08-19
production,1,Alaska,ak,epicenter.stchome.com,az,Arizona,PUBLIC_HEALTH,2027-04-01
production,1,Alaska,ak,izgateway.stchealthops.com,dc,District of Columbia,PUBLIC_HEALTH,2027-08-19
production,1,Alaska,ak,epicenter.stchome.com,dc,District of Columbia,PUBLIC_HEALTH,2027-04-01
production,1,Alaska,ak,izgateway.stchealthops.com,in,Indiana,PUBLIC_HEALTH,2027-08-19
production,1,Alaska,ak,epicenter.stchome.com,in,Indiana,PUBLIC_HEALTH,2027-04-01
production,1,Alaska,ak,izgateway.stchealthops.com,la,Louisiana,PUBLIC_HEALTH,2027-08-19
production,1,Alaska,ak,epicenter.stchome.com,la,Louisiana,PUBLIC_HEALTH,2027-04-01
production,1,Alaska,ak,izgateway.stchealthops.com,ms,Mississippi,PUBLIC_HEALTH,2027-08-19
production,1,Alaska,ak,epicenter.stchome.com,ms,Mississippi,PUBLIC_HEALTH,2027-04-01
production,1,Alaska,ak,izgateway.stchealthops.com,oh,Ohio,PUBLIC_HEALTH,2027-08-19
production,1,Alaska,ak,epicenter.stchome.com,oh,Ohio,PUBLIC_HEALTH,2027-04-01
production,1,Alaska,ak,izgateway.stchealthops.com,pr,Puerto Rico,PUBLIC_HEALTH,2027-08-19
production,1,Alaska,ak,epicenter.stchome.com,pr,Puerto Rico,PUBLIC_HEALTH,2027-04-01
production,1,Alaska,ak,izgateway.stchealthops.com,sd,South Dakota,PUBLIC_HEALTH,2027-08-19
production,1,Alaska,ak,epicenter.stchome.com,sd,South Dakota,PUBLIC_HEALTH,2027-04-01
production,1,Alaska,ak,izgateway.stchealthops.com,wv,West Virginia,PUBLIC_HEALTH,2027-08-19
production,1,Alaska,ak,epicenter.stchome.com,wv,West Virginia,PUBLIC_HEALTH,2027-04-01
production,1,Alaska,ak,izgateway.stchealthops.com,wy,Wyoming,PUBLIC_HEALTH,2027-08-19
production,1,Alaska,ak,epicenter.stchome.com,wy,Wyoming,PUBLIC_HEALTH,2027-04-01
production,1,Alaska,ak,izgateway.stchealthops.com,tn,Tennessee,PUBLIC_HEALTH,2027-08-19
production,1,Alaska,ak,epicenter.stchome.com,tn,Tennessee,PUBLIC_HEALTH,2027-04-01
production,1,Alaska,ak,izgateway.stchealthops.com,va_s,Virginia (IIS),PUBLIC_HEALTH,2027-08-19
production,1,Alaska,ak,epicenter.stchome.com,va_s,Virginia (IIS),PUBLIC_HEALTH,2027-04-01
production,1,American Samoa - PI,as,AS-prod.izgateway.envisiontechnology.com,fm,Micronesia - PI,PUBLIC_HEALTH,2027-05-25
production,1,American Samoa - PI,as,AS-prod.izgateway.envisiontechnology.com,mp,N. Mariana Islands - PI,PUBLIC_HEALTH,2027-05-25
production,1,American Samoa - PI,as,AS-prod.izgateway.envisiontechnology.com,mh,Marshall Islands - PI,PUBLIC_HEALTH,2027-05-25
production,1,American Samoa - PI,as,AS-prod.izgateway.envisiontechnology.com,pw,Palau - PI,PUBLIC_HEALTH,2027-05-25
production,1,American Samoa - PI,as,AS-prod.izgateway.envisiontechnology.com,gu,Guam - PI,PUBLIC_HEALTH,2027-05-25
production,1,Arizona,az,izgateway.stchealthops.com,in,Indiana,PUBLIC_HEALTH,2027-08-19
production,1,Arizona,az,epicenter.stchome.com,in,Indiana,PUBLIC_HEALTH,2027-04-01
production,1,Arizona,az,izgateway.stchealthops.com,tn,Tennessee,PUBLIC_HEALTH,2027-08-19
production,1,Arizona,az,epicenter.stchome.com,tn,Tennessee,PUBLIC_HEALTH,2027-04-01
production,1,Arizona,az,izgateway.stchealthops.com,wa,Washington,PUBLIC_HEALTH,2027-08-19
production,1,Arizona,az,epicenter.stchome.com,wa,Washington,PUBLIC_HEALTH,2027-04-01
production,1,Arizona,az,izgateway.stchealthops.com,ak,Alaska,PUBLIC_HEALTH,2027-08-19
production,1,Arizona,az,epicenter.stchome.com,ak,Alaska,PUBLIC_HEALTH,2027-04-01
production,1,Arizona,az,izgateway.stchealthops.com,dc,District of Columbia,PUBLIC_HEALTH,2027-08-19
production,1,Arizona,az,epicenter.stchome.com,dc,District of Columbia,PUBLIC_HEALTH,2027-04-01
production,1,Arizona,az,izgateway.stchealthops.com,la,Louisiana,PUBLIC_HEALTH,2027-08-19
production,1,Arizona,az,epicenter.stchome.com,la,Louisiana,PUBLIC_HEALTH,2027-04-01
production,1,Arizona,az,izgateway.stchealthops.com,ms,Mississippi,PUBLIC_HEALTH,2027-08-19
production,1,Arizona,az,epicenter.stchome.com,ms,Mississippi,PUBLIC_HEALTH,2027-04-01
production,1,Arizona,az,izgateway.stchealthops.com,oh,Ohio,PUBLIC_HEALTH,2027-08-19
production,1,Arizona,az,epicenter.stchome.com,oh,Ohio,PUBLIC_HEALTH,2027-04-01
production,1,Arizona,az,izgateway.stchealthops.com,pr,Puerto Rico,PUBLIC_HEALTH,2027-08-19
production,1,Arizona,az,epicenter.stchome.com,pr,Puerto Rico,PUBLIC_HEALTH,2027-04-01
production,1,Arizona,az,izgateway.stchealthops.com,sd,South Dakota,PUBLIC_HEALTH,2027-08-19
production,1,Arizona,az,epicenter.stchome.com,sd,South Dakota,PUBLIC_HEALTH,2027-04-01
production,1,Arizona,az,izgateway.stchealthops.com,wv,West Virginia,PUBLIC_HEALTH,2027-08-19
production,1,Arizona,az,epicenter.stchome.com,wv,West Virginia,PUBLIC_HEALTH,2027-04-01
production,1,Arizona,az,izgateway.stchealthops.com,wy,Wyoming,PUBLIC_HEALTH,2027-08-19
production,1,Arizona,az,epicenter.stchome.com,wy,Wyoming,PUBLIC_HEALTH,2027-04-01
production,1,Arizona,az,izgateway.stchealthops.com,md,Maryland,PUBLIC_HEALTH,2027-08-19
production,1,Arizona,az,epicenter.stchome.com,md,Maryland,PUBLIC_HEALTH,2027-04-01
production,1,Arizona,az,izgateway.stchealthops.com,vi,Virgin Islands U.S.,PUBLIC_HEALTH,2027-08-19
production,1,Arizona,az,epicenter.stchome.com,vi,Virgin Islands U.S.,PUBLIC_HEALTH,2027-04-01
production,1,Arizona,az,izgateway.stchealthops.com,wi,Wisconsin,PUBLIC_HEALTH,2027-08-19
production,1,Arizona,az,epicenter.stchome.com,wi,Wisconsin,PUBLIC_HEALTH,2027-04-01
production,1,Arizona,az,izgateway.stchealthops.com,il,Illinois,PUBLIC_HEALTH,2027-08-19
production,1,Arizona,az,epicenter.stchome.com,il,Illinois,PUBLIC_HEALTH,2027-04-01
production,1,Arizona,az,izgateway.stchealthops.com,ct,Connecticut,PUBLIC_HEALTH,2027-08-19
production,1,Arizona,az,epicenter.stchome.com,ct,Connecticut,PUBLIC_HEALTH,2027-04-01
production,1,Arizona,az,izgateway.stchealthops.com,nm,New Mexico,PUBLIC_HEALTH,2027-08-19
production,1,Arizona,az,epicenter.stchome.com,nm,New Mexico,PUBLIC_HEALTH,2027-04-01
production,1,Arizona,az,izgateway.stchealthops.com,co,Colorado,PUBLIC_HEALTH,2027-08-19
production,1,Arizona,az,epicenter.stchome.com,co,Colorado,PUBLIC_HEALTH,2027-04-01
production,1,Arizona,az,izgateway.stchealthops.com,nv,Nevada,PUBLIC_HEALTH,2027-08-19
production,1,Arizona,az,epicenter.stchome.com,nv,Nevada,PUBLIC_HEALTH,2027-04-01
production,1,Arizona,az,izgateway.stchealthops.com,ut,Utah,PUBLIC_HEALTH,2027-08-19
production,1,Arizona,az,epicenter.stchome.com,ut,Utah,PUBLIC_HEALTH,2027-04-01
production,1,Arizona,az,izgateway.stchealthops.com,va_s,Virginia (IIS),PUBLIC_HEALTH,2027-08-19
production,1,Arizona,az,epicenter.stchome.com,va_s,Virginia (IIS),PUBLIC_HEALTH,2027-04-01
production,1,Arizona,az,izgateway.stchealthops.com,nv,Nevada,PUBLIC_HEALTH,2027-08-19
production,1,Arizona,az,epicenter.stchome.com,nv,Nevada,PUBLIC_HEALTH,2027-04-01
production,1,Arkansas,ar,AR-prod.izgateway.envisiontechnology.com,ks,Kansas,PUBLIC_HEALTH,2027-05-25
production,1,Arkansas,ar,AR-prod.izgateway.envisiontechnology.com,nv,Nevada,PUBLIC_HEALTH,2027-05-25
production,1,Arkansas,ar,AR-prod.izgateway.envisiontechnology.com,ok,Oklahoma,PUBLIC_HEALTH,2027-05-25
production,1,Arkansas,ar,AR-prod.izgateway.envisiontechnology.com,ky,Kentucky,PUBLIC_HEALTH,2027-05-25
production,1,Arkansas,ar,AR-prod.izgateway.envisiontechnology.com,ct,Connecticut,PUBLIC_HEALTH,2027-05-25
production,1,Arkansas,ar,AR-prod.izgateway.envisiontechnology.com,mo,Missouri,PUBLIC_HEALTH,2027-05-25
production,1,Arkansas,ar,AR-prod.izgateway.envisiontechnology.com,nm,New Mexico,PUBLIC_HEALTH,2027-05-25
production,1,Arkansas,ar,AR-prod.izgateway.envisiontechnology.com,de,Delaware,PUBLIC_HEALTH,2027-05-25
production,1,Arkansas,ar,AR-prod.izgateway.envisiontechnology.com,ms,Mississippi,PUBLIC_HEALTH,2027-05-25
production,1,Arkansas,ar,AR-prod.izgateway.envisiontechnology.com,pa,Pennsylvania,PUBLIC_HEALTH,2027-05-25
production,1,Arkansas,ar,AR-prod.izgateway.envisiontechnology.com,la,Louisiana,PUBLIC_HEALTH,2027-05-25
production,1,Arkansas,ar,AR-prod.izgateway.envisiontechnology.com,tn,Tennessee,PUBLIC_HEALTH,2027-05-25
production,1,Colorado,co,CO-prod.izgateway.envisiontechnology.com,ok,Oklahoma,PUBLIC_HEALTH,2027-05-25
production,1,Colorado,co,CO-prod.izgateway.envisiontechnology.com,nv,Nevada,PUBLIC_HEALTH,2027-05-25
production,1,Colorado,co,CO-prod.izgateway.envisiontechnology.com,nm,New Mexico,PUBLIC_HEALTH,2027-05-25
production,1,Colorado,co,CO-prod.izgateway.envisiontechnology.com,ks,Kansas,PUBLIC_HEALTH,2027-05-25
production,1,Colorado,co,CO-prod.izgateway.envisiontechnology.com,pa,Pennsylvania,PUBLIC_HEALTH,2027-05-25
production,1,Colorado,co,CO-prod.izgateway.envisiontechnology.com,az,Arizona,PUBLIC_HEALTH,2027-05-25
production,1,Colorado,co,CO-prod.izgateway.envisiontechnology.com,ut,Utah,PUBLIC_HEALTH,2027-05-25
production,1,Colorado,co,CO-prod.izgateway.envisiontechnology.com,wa,Washington,PUBLIC_HEALTH,2027-05-25
production,1,Colorado,co,CO-prod.izgateway.envisiontechnology.com,wy,Wyoming,PUBLIC_HEALTH,2027-05-25
production,1,Connecticut,ct,CT-prod.izgateway.envisiontechnology.com,de,Delaware,PUBLIC_HEALTH,2027-05-25
production,1,Connecticut,ct,CT-prod.izgateway.envisiontechnology.com,nv,Nevada,PUBLIC_HEALTH,2027-05-25
production,1,Connecticut,ct,CT-prod.izgateway.envisiontechnology.com,ph,Pennsylvania - Philadelphia,PUBLIC_HEALTH,2027-05-25
production,1,Connecticut,ct,CT-prod.izgateway.envisiontechnology.com,ri,Rhode Island,PUBLIC_HEALTH,2027-05-25
production,1,Connecticut,ct,CT-prod.izgateway.envisiontechnology.com,nj,New Jersey,PUBLIC_HEALTH,2027-05-25
production,1,Connecticut,ct,CT-prod.izgateway.envisiontechnology.com,nyc,New York City - New York State,PUBLIC_HEALTH,2027-05-25
production,1,Connecticut,ct,CT-prod.izgateway.envisiontechnology.com,ar,Arkansas,PUBLIC_HEALTH,2027-05-25
production,1,Connecticut,ct,CT-prod.izgateway.envisiontechnology.com,nm,New Mexico,PUBLIC_HEALTH,2027-05-25
production,1,Connecticut,ct,CT-prod.izgateway.envisiontechnology.com,ok,Oklahoma,PUBLIC_HEALTH,2027-05-25
production,1,Connecticut,ct,CT-prod.izgateway.envisiontechnology.com,ks,Kansas,PUBLIC_HEALTH,2027-05-25
production,1,Connecticut,ct,CT-prod.izgateway.envisiontechnology.com,ky,Kentucky,PUBLIC_HEALTH,2027-05-25
production,1,Connecticut,ct,CT-prod.izgateway.envisiontechnology.com,mo,Missouri,PUBLIC_HEALTH,2027-05-25
production,1,Connecticut,ct,CT-prod.izgateway.envisiontechnology.com,mi,Michigan,PUBLIC_HEALTH,2027-05-25
production,1,Connecticut,ct,CT-prod.izgateway.envisiontechnology.com,fl,Florida,PUBLIC_HEALTH,2027-05-25
production,1,Connecticut,ct,CT-prod.izgateway.envisiontechnology.com,pa,Pennsylvania,PUBLIC_HEALTH,2027-05-25
production,1,Connecticut,ct,CT-prod.izgateway.envisiontechnology.com,pr,Puerto Rico,PUBLIC_HEALTH,2027-05-25
production,1,Connecticut,ct,CT-prod.izgateway.envisiontechnology.com,md,Maryland,PUBLIC_HEALTH,2027-05-25
production,1,Connecticut,ct,CT-prod.izgateway.envisiontechnology.com,az,Arizona,PUBLIC_HEALTH,2027-05-25
production,1,Connecticut,ct,CT-prod.izgateway.envisiontechnology.com,vi,Virgin Islands U.S.,PUBLIC_HEALTH,2027-05-25
production,1,Connecticut,ct,CT-prod.izgateway.envisiontechnology.com,il,Illinois,PUBLIC_HEALTH,2027-05-25
production,1,Delaware,de,DE-prod.izgateway.envisiontechnology.com,ph,Pennsylvania - Philadelphia,PUBLIC_HEALTH,2027-05-25
production,1,Delaware,de,DE-prod.izgateway.envisiontechnology.com,dc,District of Columbia,PUBLIC_HEALTH,2027-05-25
production,1,Delaware,de,DE-prod.izgateway.envisiontechnology.com,md,Maryland,PUBLIC_HEALTH,2027-05-25
production,1,Delaware,de,DE-prod.izgateway.envisiontechnology.com,ct,Connecticut,PUBLIC_HEALTH,2027-05-25
production,1,Delaware,de,DE-prod.izgateway.envisiontechnology.com,nj,New Jersey,PUBLIC_HEALTH,2027-05-25
production,1,Delaware,de,DE-prod.izgateway.envisiontechnology.com,ky,Kentucky,PUBLIC_HEALTH,2027-05-25
production,1,Delaware,de,DE-prod.izgateway.envisiontechnology.com,nv,Nevada,PUBLIC_HEALTH,2027-05-25
production,1,Delaware,de,DE-prod.izgateway.envisiontechnology.com,va_s,Virginia (IIS),PUBLIC_HEALTH,2027-05-25
production,1,Delaware,de,DE-prod.izgateway.envisiontechnology.com,nm,New Mexico,PUBLIC_HEALTH,2027-05-25
production,1,Delaware,de,DE-prod.izgateway.envisiontechnology.com,mo,Missouri,PUBLIC_HEALTH,2027-05-25
production,1,Delaware,de,DE-prod.izgateway.envisiontechnology.com,ok,Oklahoma,PUBLIC_HEALTH,2027-05-25
production,1,Delaware,de,DE-prod.izgateway.envisiontechnology.com,ri,Rhode Island,PUBLIC_HEALTH,2027-05-25
production,1,Delaware,de,DE-prod.izgateway.envisiontechnology.com,ar,Arkansas,PUBLIC_HEALTH,2027-05-25
production,1,Delaware,de,DE-prod.izgateway.envisiontechnology.com,pa,Pennsylvania,PUBLIC_HEALTH,2027-05-25
production,1,District of Columbia,dc,izgateway.stchealthops.com,wa,Washington,PUBLIC_HEALTH,2027-08-19
production,1,District of Columbia,dc,epicenter.stchome.com,wa,Washington,PUBLIC_HEALTH,2027-04-01
production,1,District of Columbia,dc,izgateway.stchealthops.com,wv,West Virginia,PUBLIC_HEALTH,2027-08-19
production,1,District of Columbia,dc,epicenter.stchome.com,wv,West Virginia,PUBLIC_HEALTH,2027-04-01
production,1,District of Columbia,dc,izgateway.stchealthops.com,wy,Wyoming,PUBLIC_HEALTH,2027-08-19
production,1,District of Columbia,dc,epicenter.stchome.com,wy,Wyoming,PUBLIC_HEALTH,2027-04-01
production,1,District of Columbia,dc,izgateway.stchealthops.com,in,Indiana,PUBLIC_HEALTH,2027-08-19
production,1,District of Columbia,dc,epicenter.stchome.com,in,Indiana,PUBLIC_HEALTH,2027-04-01
production,1,District of Columbia,dc,izgateway.stchealthops.com,la,Louisiana,PUBLIC_HEALTH,2027-08-19
production,1,District of Columbia,dc,epicenter.stchome.com,la,Louisiana,PUBLIC_HEALTH,2027-04-01
production,1,District of Columbia,dc,izgateway.stchealthops.com,oh,Ohio,PUBLIC_HEALTH,2027-08-19
production,1,District of Columbia,dc,epicenter.stchome.com,oh,Ohio,PUBLIC_HEALTH,2027-04-01
production,1,District of Columbia,dc,izgateway.stchealthops.com,tn,Tennessee,PUBLIC_HEALTH,2027-08-19
production,1,District of Columbia,dc,epicenter.stchome.com,tn,Tennessee,PUBLIC_HEALTH,2027-04-01
production,1,District of Columbia,dc,izgateway.stchealthops.com,de,Delaware,PUBLIC_HEALTH,2027-08-19
production,1,District of Columbia,dc,epicenter.stchome.com,de,Delaware,PUBLIC_HEALTH,2027-04-01
production,1,District of Columbia,dc,izgateway.stchealthops.com,md,Maryland,PUBLIC_HEALTH,2027-08-19
production,1,District of Columbia,dc,epicenter.stchome.com,md,Maryland,PUBLIC_HEALTH,2027-04-01
production,1,District of Columbia,dc,izgateway.stchealthops.com,ak,Alaska,PUBLIC_HEALTH,2027-08-19
production,1,District of Columbia,dc,epicenter.stchome.com,ak,Alaska,PUBLIC_HEALTH,2027-04-01
production,1,District of Columbia,dc,izgateway.stchealthops.com,az,Arizona,PUBLIC_HEALTH,2027-08-19
production,1,District of Columbia,dc,epicenter.stchome.com,az,Arizona,PUBLIC_HEALTH,2027-04-01
production,1,District of Columbia,dc,izgateway.stchealthops.com,ms,Mississippi,PUBLIC_HEALTH,2027-08-19
production,1,District of Columbia,dc,epicenter.stchome.com,ms,Mississippi,PUBLIC_HEALTH,2027-04-01
production,1,District of Columbia,dc,izgateway.stchealthops.com,pr,Puerto Rico,PUBLIC_HEALTH,2027-08-19
production,1,District of Columbia,dc,epicenter.stchome.com,pr,Puerto Rico,PUBLIC_HEALTH,2027-04-01
production,1,District of Columbia,dc,izgateway.stchealthops.com,sd,South Dakota,PUBLIC_HEALTH,2027-08-19
production,1,District of Columbia,dc,epicenter.stchome.com,sd,South Dakota,PUBLIC_HEALTH,2027-04-01
production,1,District of Columbia,dc,izgateway.stchealthops.com,va_s,Virginia (IIS),PUBLIC_HEALTH,2027-08-19
production,1,District of Columbia,dc,epicenter.stchome.com,va_s,Virginia (IIS),PUBLIC_HEALTH,2027-04-01
production,1,District of Columbia,dc,izgateway.stchealthops.com,ky,Kentucky,PUBLIC_HEALTH,2027-08-19
production,1,District of Columbia,dc,epicenter.stchome.com,ky,Kentucky,PUBLIC_HEALTH,2027-04-01
production,1,District of Columbia,dc,izgateway.stchealthops.com,nyc,New York City - New York State,PUBLIC_HEALTH,2027-08-19
production,1,District of Columbia,dc,epicenter.stchome.com,nyc,New York City - New York State,PUBLIC_HEALTH,2027-04-01
production,1,District of Columbia,dc,izgateway.stchealthops.com,pa,Pennsylvania,PUBLIC_HEALTH,2027-08-19
production,1,District of Columbia,dc,epicenter.stchome.com,pa,Pennsylvania,PUBLIC_HEALTH,2027-04-01
production,1,District of Columbia,dc,izgateway.stchealthops.com,ph,Pennsylvania - Philadelphia,PUBLIC_HEALTH,2027-08-19
production,1,District of Columbia,dc,epicenter.stchome.com,ph,Pennsylvania - Philadelphia,PUBLIC_HEALTH,2027-04-01
production,1,District of Columbia,dc,izgateway.stchealthops.com,vi,Virgin Islands U.S.,PUBLIC_HEALTH,2027-08-19
production,1,District of Columbia,dc,epicenter.stchome.com,vi,Virgin Islands U.S.,PUBLIC_HEALTH,2027-04-01
production,1,Florida,fl,flshotsizgateway.flshots.com,nyc,New York City - New York State,PUBLIC_HEALTH,2026-12-02
production,1,Florida,fl,flshotsizgateway.flshots.com,nj,New Jersey,PUBLIC_HEALTH,2026-12-02
production,1,Florida,fl,flshotsizgateway.flshots.com,vi,Virgin Islands U.S.,PUBLIC_HEALTH,2026-12-02
production,1,Florida,fl,flshotsizgateway.flshots.com,ct,Connecticut,PUBLIC_HEALTH,2026-12-02
production,1,Florida,fl,flshotsizgateway.flshots.com,ri,Rhode Island,PUBLIC_HEALTH,2026-12-02
production,1,Florida,fl,flshotsizgateway.flshots.com,il,Illinois,PUBLIC_HEALTH,2026-12-02
production,1,Florida,fl,flshotsizgateway.flshots.com,ut,Utah,PUBLIC_HEALTH,2026-12-02
production,1,Florida,fl,flshotsizgateway.flshots.com,mi,Michigan,PUBLIC_HEALTH,2026-12-02
production,1,Florida,fl,flshotsizgateway.flshots.com,al,Alabama,PUBLIC_HEALTH,2026-12-02
production,1,Florida,fl,flshotsizgateway.flshots.com,in,Indiana,PUBLIC_HEALTH,2026-12-02
production,1,Florida,fl,flshotsizgateway.flshots.com,ky,Kentucky,PUBLIC_HEALTH,2026-12-02
production,1,Florida,fl,flshotsizgateway.flshots.com,ms,Mississippi,PUBLIC_HEALTH,2026-12-02
production,1,Florida,fl,flshotsizgateway.flshots.com,mo,Missouri,PUBLIC_HEALTH,2026-12-02
production,1,Florida,fl,flshotsizgateway.flshots.com,oh,Ohio,PUBLIC_HEALTH,2026-12-02
production,1,Florida,fl,flshotsizgateway.flshots.com,tn,Tennessee,PUBLIC_HEALTH,2026-12-02
production,1,Guam - PI,gu,Guam-prod.izgateway.envisiontechnology.com,fm,Micronesia - PI,PUBLIC_HEALTH,2027-05-25
production,1,Guam - PI,gu,Guam-prod.izgateway.envisiontechnology.com,mp,N. Mariana Islands - PI,PUBLIC_HEALTH,2027-05-25
production,1,Guam - PI,gu,Guam-prod.izgateway.envisiontechnology.com,mh,Marshall Islands - PI,PUBLIC_HEALTH,2027-05-25
production,1,Guam - PI,gu,Guam-prod.izgateway.envisiontechnology.com,pw,Palau - PI,PUBLIC_HEALTH,2027-05-25
production,1,Guam - PI,gu,Guam-prod.izgateway.envisiontechnology.com,as,American Samoa - PI,PUBLIC_HEALTH,2027-05-25
production,1,Illinois,il,icarehl7.dph.illinois.gov,mi,Michigan,PUBLIC_HEALTH,2027-06-03
production,1,Illinois,il,icarehl7.dph.illinois.gov,ri,Rhode Island,PUBLIC_HEALTH,2027-06-03
production,1,Illinois,il,icarehl7.dph.illinois.gov,ph,Pennsylvania - Philadelphia,PUBLIC_HEALTH,2027-06-03
production,1,Illinois,il,icarehl7.dph.illinois.gov,fl,Florida,PUBLIC_HEALTH,2027-06-03
production,1,Illinois,il,icarehl7.dph.illinois.gov,nj,New Jersey,PUBLIC_HEALTH,2027-06-03
production,1,Illinois,il,icarehl7.dph.illinois.gov,ut,Utah,PUBLIC_HEALTH,2027-06-03
production,1,Illinois,il,icarehl7.dph.illinois.gov,in,Indiana,PUBLIC_HEALTH,2027-06-03
production,1,Illinois,il,icarehl7.dph.illinois.gov,ms,Mississippi,PUBLIC_HEALTH,2027-06-03
production,1,Illinois,il,icarehl7.dph.illinois.gov,oh,Ohio,PUBLIC_HEALTH,2027-06-03
production,1,Illinois,il,icarehl7.dph.illinois.gov,tn,Tennessee,PUBLIC_HEALTH,2027-06-03
production,1,Illinois,il,icarehl7.dph.illinois.gov,pr,Puerto Rico,PUBLIC_HEALTH,2027-06-03
production,1,Illinois,il,icarehl7.dph.illinois.gov,md,Maryland,PUBLIC_HEALTH,2027-06-03
production,1,Illinois,il,icarehl7.dph.illinois.gov,az,Arizona,PUBLIC_HEALTH,2027-06-03
production,1,Illinois,il,icarehl7.dph.illinois.gov,vi,Virgin Islands U.S.,PUBLIC_HEALTH,2027-06-03
production,1,Illinois,il,icarehl7.dph.illinois.gov,wi,Wisconsin,PUBLIC_HEALTH,2027-06-03
production,1,Illinois,il,icarehl7.dph.illinois.gov,ct,Connecticut,PUBLIC_HEALTH,2027-06-03
production,1,Illinois,il,icarehl7.dph.illinois.gov,nm,New Mexico,PUBLIC_HEALTH,2027-06-03
production,1,Indiana,in,izgateway.stchealthops.com,wa,Washington,PUBLIC_HEALTH,2027-08-19
production,1,Indiana,in,epicenter.stchome.com,wa,Washington,PUBLIC_HEALTH,2027-04-01
production,1,Indiana,in,izgateway.stchealthops.com,pr,Puerto Rico,PUBLIC_HEALTH,2027-08-19
production,1,Indiana,in,epicenter.stchome.com,pr,Puerto Rico,PUBLIC_HEALTH,2027-04-01
production,1,Indiana,in,izgateway.stchealthops.com,wv,West Virginia,PUBLIC_HEALTH,2027-08-19
production,1,Indiana,in,epicenter.stchome.com,wv,West Virginia,PUBLIC_HEALTH,2027-04-01
production,1,Indiana,in,izgateway.stchealthops.com,dc,District of Columbia,PUBLIC_HEALTH,2027-08-19
production,1,Indiana,in,epicenter.stchome.com,dc,District of Columbia,PUBLIC_HEALTH,2027-04-01
production,1,Indiana,in,izgateway.stchealthops.com,wy,Wyoming,PUBLIC_HEALTH,2027-08-19
production,1,Indiana,in,epicenter.stchome.com,wy,Wyoming,PUBLIC_HEALTH,2027-04-01
production,1,Indiana,in,izgateway.stchealthops.com,az,Arizona,PUBLIC_HEALTH,2027-08-19
production,1,Indiana,in,epicenter.stchome.com,az,Arizona,PUBLIC_HEALTH,2027-04-01
production,1,Indiana,in,izgateway.stchealthops.com,oh,Ohio,PUBLIC_HEALTH,2027-08-19
production,1,Indiana,in,epicenter.stchome.com,oh,Ohio,PUBLIC_HEALTH,2027-04-01
production,1,Indiana,in,izgateway.stchealthops.com,tn,Tennessee,PUBLIC_HEALTH,2027-08-19
production,1,Indiana,in,epicenter.stchome.com,tn,Tennessee,PUBLIC_HEALTH,2027-04-01
production,1,Indiana,in,izgateway.stchealthops.com,la,Louisiana,PUBLIC_HEALTH,2027-08-19
production,1,Indiana,in,epicenter.stchome.com,la,Louisiana,PUBLIC_HEALTH,2027-04-01
production,1,Indiana,in,izgateway.stchealthops.com,ak,Alaska,PUBLIC_HEALTH,2027-08-19
production,1,Indiana,in,epicenter.stchome.com,ak,Alaska,PUBLIC_HEALTH,2027-04-01
production,1,Indiana,in,izgateway.stchealthops.com,ms,Mississippi,PUBLIC_HEALTH,2027-08-19
production,1,Indiana,in,epicenter.stchome.com,ms,Mississippi,PUBLIC_HEALTH,2027-04-01
production,1,Indiana,in,izgateway.stchealthops.com,sd,South Dakota,PUBLIC_HEALTH,2027-08-19
production,1,Indiana,in,epicenter.stchome.com,sd,South Dakota,PUBLIC_HEALTH,2027-04-01
production,1,Indiana,in,izgateway.stchealthops.com,fl,Florida,PUBLIC_HEALTH,2027-08-19
production,1,Indiana,in,epicenter.stchome.com,fl,Florida,PUBLIC_HEALTH,2027-04-01
production,1,Indiana,in,izgateway.stchealthops.com,il,Illinois,PUBLIC_HEALTH,2027-08-19
production,1,Indiana,in,epicenter.stchome.com,il,Illinois,PUBLIC_HEALTH,2027-04-01
production,1,Indiana,in,izgateway.stchealthops.com,ky,Kentucky,PUBLIC_HEALTH,2027-08-19
production,1,Indiana,in,epicenter.stchome.com,ky,Kentucky,PUBLIC_HEALTH,2027-04-01
production,1,Indiana,in,izgateway.stchealthops.com,mi,Michigan,PUBLIC_HEALTH,2027-08-19
production,1,Indiana,in,epicenter.stchome.com,mi,Michigan,PUBLIC_HEALTH,2027-04-01
production,1,Indiana,in,izgateway.stchealthops.com,mo,Missouri,PUBLIC_HEALTH,2027-08-19
production,1,Indiana,in,epicenter.stchome.com,mo,Missouri,PUBLIC_HEALTH,2027-04-01
production,1,Indiana,in,izgateway.stchealthops.com,va_s,Virginia (IIS),PUBLIC_HEALTH,2027-08-19
production,1,Indiana,in,epicenter.stchome.com,va_s,Virginia (IIS),PUBLIC_HEALTH,2027-04-01
production,1,Kansas,ks,KS-prod.izgateway.envisiontechnology.com,ok,Oklahoma,PUBLIC_HEALTH,2027-05-25
production,1,Kansas,ks,KS-prod.izgateway.envisiontechnology.com,ar,Arkansas,PUBLIC_HEALTH,2027-05-25
production,1,Kansas,ks,KS-prod.izgateway.envisiontechnology.com,ct,Connecticut,PUBLIC_HEALTH,2027-05-25
production,1,Kansas,ks,KS-prod.izgateway.envisiontechnology.com,nm,New Mexico,PUBLIC_HEALTH,2027-05-25
production,1,Kansas,ks,KS-prod.izgateway.envisiontechnology.com,nv,Nevada,PUBLIC_HEALTH,2027-05-25
production,1,Kansas,ks,KS-prod.izgateway.envisiontechnology.com,ky,Kentucky,PUBLIC_HEALTH,2027-05-25
production,1,Kansas,ks,KS-prod.izgateway.envisiontechnology.com,co,Colorado,PUBLIC_HEALTH,2027-05-25
production,1,Kansas,ks,KS-prod.izgateway.envisiontechnology.com,mo,Missouri,PUBLIC_HEALTH,2027-05-25
production,1,Kansas,ks,KS-prod.izgateway.envisiontechnology.com,pa,Pennsylvania,PUBLIC_HEALTH,2027-05-25
production,1,Kentucky,ky,KY-prod.izgateway.envisiontechnology.com,tn,Tennessee,PUBLIC_HEALTH,2027-05-25
production,1,Kentucky,ky,KY-prod.izgateway.envisiontechnology.com,de,Delaware,PUBLIC_HEALTH,2027-05-25
production,1,Kentucky,ky,KY-prod.izgateway.envisiontechnology.com,nj,New Jersey,PUBLIC_HEALTH,2027-05-25
production,1,Kentucky,ky,KY-prod.izgateway.envisiontechnology.com,ok,Oklahoma,PUBLIC_HEALTH,2027-05-25
production,1,Kentucky,ky,KY-prod.izgateway.envisiontechnology.com,ar,Arkansas,PUBLIC_HEALTH,2027-05-25
production,1,Kentucky,ky,KY-prod.izgateway.envisiontechnology.com,nv,Nevada,PUBLIC_HEALTH,2027-05-25
production,1,Kentucky,ky,KY-prod.izgateway.envisiontechnology.com,mi,Michigan,PUBLIC_HEALTH,2027-05-25
production,1,Kentucky,ky,KY-prod.izgateway.envisiontechnology.com,nm,New Mexico,PUBLIC_HEALTH,2027-05-25
production,1,Kentucky,ky,KY-prod.izgateway.envisiontechnology.com,ct,Connecticut,PUBLIC_HEALTH,2027-05-25
production,1,Kentucky,ky,KY-prod.izgateway.envisiontechnology.com,mo,Missouri,PUBLIC_HEALTH,2027-05-25
production,1,Kentucky,ky,KY-prod.izgateway.envisiontechnology.com,ri,Rhode Island,PUBLIC_HEALTH,2027-05-25
production,1,Kentucky,ky,KY-prod.izgateway.envisiontechnology.com,ks,Kansas,PUBLIC_HEALTH,2027-05-25
production,1,Kentucky,ky,KY-prod.izgateway.envisiontechnology.com,pa,Pennsylvania,PUBLIC_HEALTH,2027-05-25
production,1,Kentucky,ky,KY-prod.izgateway.envisiontechnology.com,fl,Florida,PUBLIC_HEALTH,2027-05-25
production,1,Kentucky,ky,KY-prod.izgateway.envisiontechnology.com,in,Indiana,PUBLIC_HEALTH,2027-05-25
production,1,Kentucky,ky,KY-prod.izgateway.envisiontechnology.com,ms,Mississippi,PUBLIC_HEALTH,2027-05-25
production,1,Kentucky,ky,KY-prod.izgateway.envisiontechnology.com,oh,Ohio,PUBLIC_HEALTH,2027-05-25
production,1,Kentucky,ky,KY-prod.izgateway.envisiontechnology.com,dc,District of Columbia,PUBLIC_HEALTH,2027-05-25
production,1,Kentucky,ky,KY-prod.izgateway.envisiontechnology.com,md,Maryland,PUBLIC_HEALTH,2027-05-25
production,1,Kentucky,ky,KY-prod.izgateway.envisiontechnology.com,nyc,New York City - New York State,PUBLIC_HEALTH,2027-05-25
production,1,Kentucky,ky,KY-prod.izgateway.envisiontechnology.com,pr,Puerto Rico,PUBLIC_HEALTH,2027-05-25
production,1,Louisiana,la,izgateway.stchealthops.com,tn,Tennessee,PUBLIC_HEALTH,2027-08-19
production,1,Louisiana,la,epicenter.stchome.com,tn,Tennessee,PUBLIC_HEALTH,2027-04-01
production,1,Louisiana,la,izgateway.stchealthops.com,wa,Washington,PUBLIC_HEALTH,2027-08-19
production,1,Louisiana,la,epicenter.stchome.com,wa,Washington,PUBLIC_HEALTH,2027-04-01
production,1,Louisiana,la,izgateway.stchealthops.com,wy,Wyoming,PUBLIC_HEALTH,2027-08-19
production,1,Louisiana,la,epicenter.stchome.com,wy,Wyoming,PUBLIC_HEALTH,2027-04-01
production,1,Louisiana,la,izgateway.stchealthops.com,dc,District of Columbia,PUBLIC_HEALTH,2027-08-19
production,1,Louisiana,la,epicenter.stchome.com,dc,District of Columbia,PUBLIC_HEALTH,2027-04-01
production,1,Louisiana,la,izgateway.stchealthops.com,wv,West Virginia,PUBLIC_HEALTH,2027-08-19
production,1,Louisiana,la,epicenter.stchome.com,wv,West Virginia,PUBLIC_HEALTH,2027-04-01
production,1,Louisiana,la,izgateway.stchealthops.com,ms,Mississippi,PUBLIC_HEALTH,2027-08-19
production,1,Louisiana,la,epicenter.stchome.com,ms,Mississippi,PUBLIC_HEALTH,2027-04-01
production,1,Louisiana,la,izgateway.stchealthops.com,in,Indiana,PUBLIC_HEALTH,2027-08-19
production,1,Louisiana,la,epicenter.stchome.com,in,Indiana,PUBLIC_HEALTH,2027-04-01
production,1,Louisiana,la,izgateway.stchealthops.com,pr,Puerto Rico,PUBLIC_HEALTH,2027-08-19
production,1,Louisiana,la,epicenter.stchome.com,pr,Puerto Rico,PUBLIC_HEALTH,2027-04-01
production,1,Louisiana,la,izgateway.stchealthops.com,oh,Ohio,PUBLIC_HEALTH,2027-08-19
production,1,Louisiana,la,epicenter.stchome.com,oh,Ohio,PUBLIC_HEALTH,2027-04-01
production,1,Louisiana,la,izgateway.stchealthops.com,ak,Alaska,PUBLIC_HEALTH,2027-08-19
production,1,Louisiana,la,epicenter.stchome.com,ak,Alaska,PUBLIC_HEALTH,2027-04-01
production,1,Louisiana,la,izgateway.stchealthops.com,az,Arizona,PUBLIC_HEALTH,2027-08-19
production,1,Louisiana,la,epicenter.stchome.com,az,Arizona,PUBLIC_HEALTH,2027-04-01
production,1,Louisiana,la,izgateway.stchealthops.com,sd,South Dakota,PUBLIC_HEALTH,2027-08-19
production,1,Louisiana,la,epicenter.stchome.com,sd,South Dakota,PUBLIC_HEALTH,2027-04-01
production,1,Louisiana,la,izgateway.stchealthops.com,va_s,Virginia (IIS),PUBLIC_HEALTH,2027-08-19
production,1,Louisiana,la,epicenter.stchome.com,va_s,Virginia (IIS),PUBLIC_HEALTH,2027-04-01
production,1,Louisiana,la,izgateway.stchealthops.com,ar,Arkansas,PUBLIC_HEALTH,2027-08-19
production,1,Louisiana,la,epicenter.stchome.com,ar,Arkansas,PUBLIC_HEALTH,2027-04-01
production,1,Louisiana,la,izgateway.stchealthops.com,ky,Kentucky,PUBLIC_HEALTH,2027-08-19
production,1,Louisiana,la,epicenter.stchome.com,ky,Kentucky,PUBLIC_HEALTH,2027-04-01
production,1,Marshall Islands - PI,mh,RMI-prod.izgateway.envisiontechnology.com,as,American Samoa - PI,PUBLIC_HEALTH,2027-05-25
production,1,Marshall Islands - PI,mh,RMI-prod.izgateway.envisiontechnology.com,fm,Micronesia - PI,PUBLIC_HEALTH,2027-05-25
production,1,Marshall Islands - PI,mh,RMI-prod.izgateway.envisiontechnology.com,mp,N. Mariana Islands - PI,PUBLIC_HEALTH,2027-05-25
production,1,Marshall Islands - PI,mh,RMI-prod.izgateway.envisiontechnology.com,pw,Palau - PI,PUBLIC_HEALTH,2027-05-25
production,1,Marshall Islands - PI,mh,RMI-prod.izgateway.envisiontechnology.com,gu,Guam - PI,PUBLIC_HEALTH,2027-05-25
production,1,Maryland,md,www.mdimmunet.org,de,Delaware,PUBLIC_HEALTH,2027-06-08
production,1,Maryland,md,www.mdimmunet.org,dc,District of Columbia,PUBLIC_HEALTH,2027-06-08
production,1,Maryland,md,www.mdimmunet.org,va_s,Virginia (IIS),PUBLIC_HEALTH,2027-06-08
production,1,Maryland,md,www.mdimmunet.org,pr,Puerto Rico,PUBLIC_HEALTH,2027-06-08
production,1,Maryland,md,www.mdimmunet.org,vi,Virgin Islands U.S.,PUBLIC_HEALTH,2027-06-08
production,1,Maryland,md,www.mdimmunet.org,wi,Wisconsin,PUBLIC_HEALTH,2027-06-08
production,1,Maryland,md,www.mdimmunet.org,il,Illinois,PUBLIC_HEALTH,2027-06-08
production,1,Maryland,md,www.mdimmunet.org,ct,Connecticut,PUBLIC_HEALTH,2027-06-08
production,1,Maryland,md,www.mdimmunet.org,nm,New Mexico,PUBLIC_HEALTH,2027-06-08
production,1,Maryland,md,www.mdimmunet.org,az,Arizona,PUBLIC_HEALTH,2027-06-08
production,1,Maryland,md,www.mdimmunet.org,ky,Kentucky,PUBLIC_HEALTH,2027-06-08
production,1,Maryland,md,www.mdimmunet.org,nj,New Jersey,PUBLIC_HEALTH,2027-06-08
production,1,Maryland,md,www.mdimmunet.org,nyc,New York City - New York State,PUBLIC_HEALTH,2027-06-08
production,1,Maryland,md,www.mdimmunet.org,ph,Pennsylvania - Philadelphia,PUBLIC_HEALTH,2027-06-08
production,1,Michigan,mi,integrationengine.mihin.org,il,Illinois,PUBLIC_HEALTH,2027-03-24
production,1,Michigan,mi,integrationengine.mihin.org,ky,Kentucky,PUBLIC_HEALTH,2027-03-24
production,1,Michigan,mi,integrationengine.mihin.org,ct,Connecticut,PUBLIC_HEALTH,2027-03-24
production,1,Michigan,mi,integrationengine.mihin.org,ri,Rhode Island,PUBLIC_HEALTH,2027-03-24
production,1,Michigan,mi,integrationengine.mihin.org,nj,New Jersey,PUBLIC_HEALTH,2027-03-24
production,1,Michigan,mi,integrationengine.mihin.org,fl,Florida,PUBLIC_HEALTH,2027-03-24
production,1,Michigan,mi,integrationengine.mihin.org,ut,Utah,PUBLIC_HEALTH,2027-03-24
production,1,Michigan,mi,integrationengine.mihin.org,in,Indiana,PUBLIC_HEALTH,2027-03-24
production,1,Michigan,mi,integrationengine.mihin.org,oh,Ohio,PUBLIC_HEALTH,2027-03-24
production,1,Michigan,mi,integrationengine.mihin.org,ms,Mississippi,PUBLIC_HEALTH,2027-03-24
production,1,Michigan,mi,integrationengine.mihin.org,tn,Tennessee,PUBLIC_HEALTH,2027-03-24
production,1,Micronesia - PI,fm,FSM-prod.izgateway.envisiontechnology.com,as,American Samoa - PI,PUBLIC_HEALTH,2027-05-25
production,1,Micronesia - PI,fm,FSM-prod.izgateway.envisiontechnology.com,pw,Palau - PI,PUBLIC_HEALTH,2027-05-25
production,1,Micronesia - PI,fm,FSM-prod.izgateway.envisiontechnology.com,mh,Marshall Islands - PI,PUBLIC_HEALTH,2027-05-25
production,1,Micronesia - PI,fm,FSM-prod.izgateway.envisiontechnology.com,mp,N. Mariana Islands - PI,PUBLIC_HEALTH,2027-05-25
production,1,Micronesia - PI,fm,FSM-prod.izgateway.envisiontechnology.com,gu,Guam - PI,PUBLIC_HEALTH,2027-05-25
production,1,Mississippi,ms,izgateway.stchealthops.com,tn,Tennessee,PUBLIC_HEALTH,2027-08-19
production,1,Mississippi,ms,epicenter.stchome.com,tn,Tennessee,PUBLIC_HEALTH,2027-04-01
production,1,Mississippi,ms,izgateway.stchealthops.com,la,Louisiana,PUBLIC_HEALTH,2027-08-19
production,1,Mississippi,ms,epicenter.stchome.com,la,Louisiana,PUBLIC_HEALTH,2027-04-01
production,1,Mississippi,ms,izgateway.stchealthops.com,ar,Arkansas,PUBLIC_HEALTH,2027-08-19
production,1,Mississippi,ms,epicenter.stchome.com,ar,Arkansas,PUBLIC_HEALTH,2027-04-01
production,1,Mississippi,ms,izgateway.stchealthops.com,wa,Washington,PUBLIC_HEALTH,2027-08-19
production,1,Mississippi,ms,epicenter.stchome.com,wa,Washington,PUBLIC_HEALTH,2027-04-01
production,1,Mississippi,ms,izgateway.stchealthops.com,ak,Alaska,PUBLIC_HEALTH,2027-08-19
production,1,Mississippi,ms,epicenter.stchome.com,ak,Alaska,PUBLIC_HEALTH,2027-04-01
production,1,Mississippi,ms,izgateway.stchealthops.com,az,Arizona,PUBLIC_HEALTH,2027-08-19
production,1,Mississippi,ms,epicenter.stchome.com,az,Arizona,PUBLIC_HEALTH,2027-04-01
production,1,Mississippi,ms,izgateway.stchealthops.com,dc,District of Columbia,PUBLIC_HEALTH,2027-08-19
production,1,Mississippi,ms,epicenter.stchome.com,dc,District of Columbia,PUBLIC_HEALTH,2027-04-01
production,1,Mississippi,ms,izgateway.stchealthops.com,in,Indiana,PUBLIC_HEALTH,2027-08-19
production,1,Mississippi,ms,epicenter.stchome.com,in,Indiana,PUBLIC_HEALTH,2027-04-01
production,1,Mississippi,ms,izgateway.stchealthops.com,oh,Ohio,PUBLIC_HEALTH,2027-08-19
production,1,Mississippi,ms,epicenter.stchome.com,oh,Ohio,PUBLIC_HEALTH,2027-04-01
production,1,Mississippi,ms,izgateway.stchealthops.com,pr,Puerto Rico,PUBLIC_HEALTH,2027-08-19
production,1,Mississippi,ms,epicenter.stchome.com,pr,Puerto Rico,PUBLIC_HEALTH,2027-04-01
production,1,Mississippi,ms,izgateway.stchealthops.com,sd,South Dakota,PUBLIC_HEALTH,2027-08-19
production,1,Mississippi,ms,epicenter.stchome.com,sd,South Dakota,PUBLIC_HEALTH,2027-04-01
production,1,Mississippi,ms,izgateway.stchealthops.com,wv,West Virginia,PUBLIC_HEALTH,2027-08-19
production,1,Mississippi,ms,epicenter.stchome.com,wv,West Virginia,PUBLIC_HEALTH,2027-04-01
production,1,Mississippi,ms,izgateway.stchealthops.com,wy,Wyoming,PUBLIC_HEALTH,2027-08-19
production,1,Mississippi,ms,epicenter.stchome.com,wy,Wyoming,PUBLIC_HEALTH,2027-04-01
production,1,Mississippi,ms,izgateway.stchealthops.com,fl,Florida,PUBLIC_HEALTH,2027-08-19
production,1,Mississippi,ms,epicenter.stchome.com,fl,Florida,PUBLIC_HEALTH,2027-04-01
production,1,Mississippi,ms,izgateway.stchealthops.com,il,Illinois,PUBLIC_HEALTH,2027-08-19
production,1,Mississippi,ms,epicenter.stchome.com,il,Illinois,PUBLIC_HEALTH,2027-04-01
production,1,Mississippi,ms,izgateway.stchealthops.com,ky,Kentucky,PUBLIC_HEALTH,2027-08-19
production,1,Mississippi,ms,epicenter.stchome.com,ky,Kentucky,PUBLIC_HEALTH,2027-04-01
production,1,Mississippi,ms,izgateway.stchealthops.com,mi,Michigan,PUBLIC_HEALTH,2027-08-19
production,1,Mississippi,ms,epicenter.stchome.com,mi,Michigan,PUBLIC_HEALTH,2027-04-01
production,1,Mississippi,ms,izgateway.stchealthops.com,mo,Missouri,PUBLIC_HEALTH,2027-08-19
production,1,Mississippi,ms,epicenter.stchome.com,mo,Missouri,PUBLIC_HEALTH,2027-04-01
production,1,Mississippi,ms,izgateway.stchealthops.com,va_s,Virginia (IIS),PUBLIC_HEALTH,2027-08-19
production,1,Mississippi,ms,epicenter.stchome.com,va_s,Virginia (IIS),PUBLIC_HEALTH,2027-04-01
production,1,Missouri,mo,MO-prod.izgateway.envisiontechnology.com,ok,Oklahoma,PUBLIC_HEALTH,2027-05-25
production,1,Missouri,mo,MO-prod.izgateway.envisiontechnology.com,ar,Arkansas,PUBLIC_HEALTH,2027-05-25
production,1,Missouri,mo,MO-prod.izgateway.envisiontechnology.com,nv,Nevada,PUBLIC_HEALTH,2027-05-25
production,1,Missouri,mo,MO-prod.izgateway.envisiontechnology.com,ct,Connecticut,PUBLIC_HEALTH,2027-05-25
production,1,Missouri,mo,MO-prod.izgateway.envisiontechnology.com,nm,New Mexico,PUBLIC_HEALTH,2027-05-25
production,1,Missouri,mo,MO-prod.izgateway.envisiontechnology.com,de,Delaware,PUBLIC_HEALTH,2027-05-25
production,1,Missouri,mo,MO-prod.izgateway.envisiontechnology.com,ky,Kentucky,PUBLIC_HEALTH,2027-05-25
production,1,Missouri,mo,MO-prod.izgateway.envisiontechnology.com,fl,Florida,PUBLIC_HEALTH,2027-05-25
production,1,Missouri,mo,MO-prod.izgateway.envisiontechnology.com,in,Indiana,PUBLIC_HEALTH,2027-05-25
production,1,Missouri,mo,MO-prod.izgateway.envisiontechnology.com,ms,Mississippi,PUBLIC_HEALTH,2027-05-25
production,1,Missouri,mo,MO-prod.izgateway.envisiontechnology.com,oh,Ohio,PUBLIC_HEALTH,2027-05-25
production,1,Missouri,mo,MO-prod.izgateway.envisiontechnology.com,tn,Tennessee,PUBLIC_HEALTH,2027-05-25
production,1,Missouri,mo,MO-prod.izgateway.envisiontechnology.com,ks,Kansas,PUBLIC_HEALTH,2027-05-25
production,1,Missouri,mo,MO-prod.izgateway.envisiontechnology.com,pa,Pennsylvania,PUBLIC_HEALTH,2027-05-25
production,1,N. Mariana Islands - PI,mp,CNMI-prod.izgateway.envisiontechnology.com,as,American Samoa - PI,PUBLIC_HEALTH,2027-05-25
production,1,N. Mariana Islands - PI,mp,CNMI-prod.izgateway.envisiontechnology.com,pw,Palau - PI,PUBLIC_HEALTH,2027-05-25
production,1,N. Mariana Islands - PI,mp,CNMI-prod.izgateway.envisiontechnology.com,mh,Marshall Islands - PI,PUBLIC_HEALTH,2027-05-25
production,1,N. Mariana Islands - PI,mp,CNMI-prod.izgateway.envisiontechnology.com,fm,Micronesia - PI,PUBLIC_HEALTH,2027-05-25
production,1,N. Mariana Islands - PI,mp,CNMI-prod.izgateway.envisiontechnology.com,gu,Guam - PI,PUBLIC_HEALTH,2027-05-25
production,1,Nevada,nv,NV-prod.izgateway.envisiontechnology.com,ok,Oklahoma,PUBLIC_HEALTH,2027-05-25
production,1,Nevada,nv,NV-prod.izgateway.envisiontechnology.com,nm,New Mexico,PUBLIC_HEALTH,2027-05-25
production,1,Nevada,nv,NV-prod.izgateway.envisiontechnology.com,de,Delaware,PUBLIC_HEALTH,2027-05-25
production,1,Nevada,nv,NV-prod.izgateway.envisiontechnology.com,ar,Arkansas,PUBLIC_HEALTH,2027-05-25
production,1,Nevada,nv,NV-prod.izgateway.envisiontechnology.com,co,Colorado,PUBLIC_HEALTH,2027-05-25
production,1,Nevada,nv,NV-prod.izgateway.envisiontechnology.com,ct,Connecticut,PUBLIC_HEALTH,2027-05-25
production,1,Nevada,nv,NV-prod.izgateway.envisiontechnology.com,ut,Utah,PUBLIC_HEALTH,2027-05-25
production,1,Nevada,nv,NV-prod.izgateway.envisiontechnology.com,ph,Pennsylvania - Philadelphia,PUBLIC_HEALTH,2027-05-25
production,1,Nevada,nv,NV-prod.izgateway.envisiontechnology.com,ky,Kentucky,PUBLIC_HEALTH,2027-05-25
production,1,Nevada,nv,NV-prod.izgateway.envisiontechnology.com,or,Oregon,PUBLIC_HEALTH,2027-05-25
production,1,Nevada,nv,NV-prod.izgateway.envisiontechnology.com,ks,Kansas,PUBLIC_HEALTH,2027-05-25
production,1,Nevada,nv,NV-prod.izgateway.envisiontechnology.com,mo,Missouri,PUBLIC_HEALTH,2027-05-25
production,1,Nevada,nv,NV-prod.izgateway.envisiontechnology.com,pa,Pennsylvania,PUBLIC_HEALTH,2027-05-25
production,1,Nevada,nv,NV-prod.izgateway.envisiontechnology.com,az,Arizona,PUBLIC_HEALTH,2027-05-25
production,1,Nevada,nv,NV-prod.izgateway.envisiontechnology.com,wa,Washington,PUBLIC_HEALTH,2027-05-25
production,1,Nevada,nv,NV-prod.izgateway.envisiontechnology.com,wy,Wyoming,PUBLIC_HEALTH,2027-05-25
production,1,New Jersey,nj,hl-iispia-ha-e.njdoh.net,ct,Connecticut,PUBLIC_HEALTH,2027-01-06
production,1,New Jersey,nj,hl-iispia-ha-e.njdoh.net,de,Delaware,PUBLIC_HEALTH,2027-01-06
production,1,New Jersey,nj,hl-iispia-ha-e.njdoh.net,ri,Rhode Island,PUBLIC_HEALTH,2027-01-06
production,1,New Jersey,nj,hl-iispia-ha-e.njdoh.net,ph,Pennsylvania - Philadelphia,PUBLIC_HEALTH,2027-01-06
production,1,New Jersey,nj,hl-iispia-ha-e.njdoh.net,ky,Kentucky,PUBLIC_HEALTH,2027-01-06
production,1,New Jersey,nj,hl-iispia-ha-e.njdoh.net,nyc,New York City - New York State,PUBLIC_HEALTH,2027-01-06
production,1,New Jersey,nj,hl-iispia-ha-e.njdoh.net,fl,Florida,PUBLIC_HEALTH,2027-01-06
production,1,New Jersey,nj,hl-iispia-ha-e.njdoh.net,mi,Michigan,PUBLIC_HEALTH,2027-01-06
production,1,New Jersey,nj,hl-iispia-ha-e.njdoh.net,il,Illinois,PUBLIC_HEALTH,2027-01-06
production,1,New Jersey,nj,hl-iispia-ha-e.njdoh.net,ut,Utah,PUBLIC_HEALTH,2027-01-06
production,1,New Jersey,nj,hl-iispia-ha-e.njdoh.net,wi,Wisconsin,PUBLIC_HEALTH,2027-01-06
production,1,New Jersey,nj,hl-iispia-ha-e.njdoh.net,md,Maryland,PUBLIC_HEALTH,2027-01-06
production,1,New Jersey,nj,hl-iispia-ha-e.njdoh.net,oh,Ohio,PUBLIC_HEALTH,2027-01-06
production,1,New Jersey,nj,hl-iispia-ha-e.njdoh.net,pa,Pennsylvania,PUBLIC_HEALTH,2027-01-06
production,1,New Jersey,nj,hl-iispia-ha-e.njdoh.net,pr,Puerto Rico,PUBLIC_HEALTH,2027-01-06
production,1,New Jersey,nj,hl-iispia-ha-e.njdoh.net,vi,Virgin Islands U.S.,PUBLIC_HEALTH,2027-01-06
production,1,New Jersey,nj,hl-iispia-ha-e.njdoh.net,va_s,Virginia (IIS),PUBLIC_HEALTH,2027-01-06
production,1,New Jersey,nj,hl-iispia-ha-e.njdoh.net,wv,West Virginia,PUBLIC_HEALTH,2027-01-06
production,1,New Mexico,nm,NM-prod.izgateway.envisiontechnology.com,ky,Kentucky,PUBLIC_HEALTH,2027-05-25
production,1,New Mexico,nm,NM-prod.izgateway.envisiontechnology.com,nv,Nevada,PUBLIC_HEALTH,2027-05-25
production,1,New Mexico,nm,NM-prod.izgateway.envisiontechnology.com,ok,Oklahoma,PUBLIC_HEALTH,2027-05-25
production,1,New Mexico,nm,NM-prod.izgateway.envisiontechnology.com,ct,Connecticut,PUBLIC_HEALTH,2027-05-25
production,1,New Mexico,nm,NM-prod.izgateway.envisiontechnology.com,de,Delaware,PUBLIC_HEALTH,2027-05-25
production,1,New Mexico,nm,NM-prod.izgateway.envisiontechnology.com,ks,Kansas,PUBLIC_HEALTH,2027-05-25
production,1,New Mexico,nm,NM-prod.izgateway.envisiontechnology.com,mo,Missouri,PUBLIC_HEALTH,2027-05-25
production,1,New Mexico,nm,NM-prod.izgateway.envisiontechnology.com,ar,Arkansas,PUBLIC_HEALTH,2027-05-25
production,1,New Mexico,nm,NM-prod.izgateway.envisiontechnology.com,ut,Utah,PUBLIC_HEALTH,2027-05-25
production,1,New Mexico,nm,NM-prod.izgateway.envisiontechnology.com,co,Colorado,PUBLIC_HEALTH,2027-05-25
production,1,New Mexico,nm,NM-prod.izgateway.envisiontechnology.com,or,Oregon,PUBLIC_HEALTH,2027-05-25
production,1,New Mexico,nm,NM-prod.izgateway.envisiontechnology.com,tx,Texas,PUBLIC_HEALTH,2027-05-25
production,1,New Mexico,nm,NM-prod.izgateway.envisiontechnology.com,pr,Puerto Rico,PUBLIC_HEALTH,2027-05-25
production,1,New Mexico,nm,NM-prod.izgateway.envisiontechnology.com,md,Maryland,PUBLIC_HEALTH,2027-05-25
production,1,New Mexico,nm,NM-prod.izgateway.envisiontechnology.com,az,Arizona,PUBLIC_HEALTH,2027-05-25
production,1,New Mexico,nm,NM-prod.izgateway.envisiontechnology.com,vi,Virgin Islands U.S.,PUBLIC_HEALTH,2027-05-25
production,1,New Mexico,nm,NM-prod.izgateway.envisiontechnology.com,il,Illinois,PUBLIC_HEALTH,2027-05-25
production,1,New Mexico,nm,NM-prod.izgateway.envisiontechnology.com,wa,Washington,PUBLIC_HEALTH,2027-05-25
production,1,New Mexico,nm,NM-prod.izgateway.envisiontechnology.com,wy,Wyoming,PUBLIC_HEALTH,2027-05-25
production,1,New Mexico,nm,NM-prod.izgateway.envisiontechnology.com,pa,Pennsylvania,PUBLIC_HEALTH,2027-05-25
production,1,New York City - New York State,nyc,izg.immunize.nyc,ri,Rhode Island,PUBLIC_HEALTH,2027-01-07
production,1,New York City - New York State,nyc,izg.immunize.nyc,ct,Connecticut,PUBLIC_HEALTH,2027-01-07
production,1,New York City - New York State,nyc,izg.immunize.nyc,nj,New Jersey,PUBLIC_HEALTH,2027-01-07
production,1,New York City - New York State,nyc,izg.immunize.nyc,ph,Pennsylvania - Philadelphia,PUBLIC_HEALTH,2027-01-07
production,1,New York City - New York State,nyc,izg.immunize.nyc,vi,Virgin Islands U.S.,PUBLIC_HEALTH,2027-01-07
production,1,New York City - New York State,nyc,izg.immunize.nyc,fl,Florida,PUBLIC_HEALTH,2027-01-07
production,1,New York City - New York State,nyc,izg.immunize.nyc,dc,District of Columbia,PUBLIC_HEALTH,2027-01-07
production,1,New York City - New York State,nyc,izg.immunize.nyc,ky,Kentucky,PUBLIC_HEALTH,2027-01-07
production,1,New York City - New York State,nyc,izg.immunize.nyc,md,Maryland,PUBLIC_HEALTH,2027-01-07
production,1,New York City - New York State,nyc,izg.immunize.nyc,oh,Ohio,PUBLIC_HEALTH,2027-01-07
production,1,New York City - New York State,nyc,izg.immunize.nyc,pa,Pennsylvania,PUBLIC_HEALTH,2027-01-07
production,1,New York City - New York State,nyc,izg.immunize.nyc,pr,Puerto Rico,PUBLIC_HEALTH,2027-01-07
production,1,New York City - New York State,nyc,izg.immunize.nyc,va_s,Virginia (IIS),PUBLIC_HEALTH,2027-01-07
production,1,New York City - New York State,nyc,izg.immunize.nyc,wv,West Virginia,PUBLIC_HEALTH,2027-01-07
production,1,North Dakota,nd,prod.ndiis.org,sd,South Dakota,PUBLIC_HEALTH,2026-09-02
production,1,North Dakota,nd,prod.ndiis.org,az,Arizona,PUBLIC_HEALTH,2026-09-02
production,1,Ohio,oh,izgateway.stchealthops.com,wa,Washington,PUBLIC_HEALTH,2027-08-19
production,1,Ohio,oh,epicenter.stchome.com,wa,Washington,PUBLIC_HEALTH,2027-04-01
production,1,Ohio,oh,izgateway.stchealthops.com,in,Indiana,PUBLIC_HEALTH,2027-08-19
production,1,Ohio,oh,epicenter.stchome.com,in,Indiana,PUBLIC_HEALTH,2027-04-01
production,1,Ohio,oh,izgateway.stchealthops.com,pr,Puerto Rico,PUBLIC_HEALTH,2027-08-19
production,1,Ohio,oh,epicenter.stchome.com,pr,Puerto Rico,PUBLIC_HEALTH,2027-04-01
production,1,Ohio,oh,izgateway.stchealthops.com,tn,Tennessee,PUBLIC_HEALTH,2027-08-19
production,1,Ohio,oh,epicenter.stchome.com,tn,Tennessee,PUBLIC_HEALTH,2027-04-01
production,1,Ohio,oh,izgateway.stchealthops.com,wv,West Virginia,PUBLIC_HEALTH,2027-08-19
production,1,Ohio,oh,epicenter.stchome.com,wv,West Virginia,PUBLIC_HEALTH,2027-04-01
production,1,Ohio,oh,izgateway.stchealthops.com,dc,District of Columbia,PUBLIC_HEALTH,2027-08-19
production,1,Ohio,oh,epicenter.stchome.com,dc,District of Columbia,PUBLIC_HEALTH,2027-04-01
production,1,Ohio,oh,izgateway.stchealthops.com,wy,Wyoming,PUBLIC_HEALTH,2027-08-19
production,1,Ohio,oh,epicenter.stchome.com,wy,Wyoming,PUBLIC_HEALTH,2027-04-01
production,1,Ohio,oh,izgateway.stchealthops.com,la,Louisiana,PUBLIC_HEALTH,2027-08-19
production,1,Ohio,oh,epicenter.stchome.com,la,Louisiana,PUBLIC_HEALTH,2027-04-01
production,1,Ohio,oh,izgateway.stchealthops.com,ak,Alaska,PUBLIC_HEALTH,2027-08-19
production,1,Ohio,oh,epicenter.stchome.com,ak,Alaska,PUBLIC_HEALTH,2027-04-01
production,1,Ohio,oh,izgateway.stchealthops.com,az,Arizona,PUBLIC_HEALTH,2027-08-19
production,1,Ohio,oh,epicenter.stchome.com,az,Arizona,PUBLIC_HEALTH,2027-04-01
production,1,Ohio,oh,izgateway.stchealthops.com,ms,Mississippi,PUBLIC_HEALTH,2027-08-19
production,1,Ohio,oh,epicenter.stchome.com,ms,Mississippi,PUBLIC_HEALTH,2027-04-01
production,1,Ohio,oh,izgateway.stchealthops.com,sd,South Dakota,PUBLIC_HEALTH,2027-08-19
production,1,Ohio,oh,epicenter.stchome.com,sd,South Dakota,PUBLIC_HEALTH,2027-04-01
production,1,Ohio,oh,izgateway.stchealthops.com,fl,Florida,PUBLIC_HEALTH,2027-08-19
production,1,Ohio,oh,epicenter.stchome.com,fl,Florida,PUBLIC_HEALTH,2027-04-01
production,1,Ohio,oh,izgateway.stchealthops.com,il,Illinois,PUBLIC_HEALTH,2027-08-19
production,1,Ohio,oh,epicenter.stchome.com,il,Illinois,PUBLIC_HEALTH,2027-04-01
production,1,Ohio,oh,izgateway.stchealthops.com,ky,Kentucky,PUBLIC_HEALTH,2027-08-19
production,1,Ohio,oh,epicenter.stchome.com,ky,Kentucky,PUBLIC_HEALTH,2027-04-01
production,1,Ohio,oh,izgateway.stchealthops.com,mi,Michigan,PUBLIC_HEALTH,2027-08-19
production,1,Ohio,oh,epicenter.stchome.com,mi,Michigan,PUBLIC_HEALTH,2027-04-01
production,1,Ohio,oh,izgateway.stchealthops.com,mo,Missouri,PUBLIC_HEALTH,2027-08-19
production,1,Ohio,oh,epicenter.stchome.com,mo,Missouri,PUBLIC_HEALTH,2027-04-01
production,1,Ohio,oh,izgateway.stchealthops.com,va_s,Virginia (IIS),PUBLIC_HEALTH,2027-08-19
production,1,Ohio,oh,epicenter.stchome.com,va_s,Virginia (IIS),PUBLIC_HEALTH,2027-04-01
production,1,Ohio,oh,izgateway.stchealthops.com,nj,New Jersey,PUBLIC_HEALTH,2027-08-19
production,1,Ohio,oh,epicenter.stchome.com,nj,New Jersey,PUBLIC_HEALTH,2027-04-01
production,1,Ohio,oh,izgateway.stchealthops.com,nyc,New York City - New York State,PUBLIC_HEALTH,2027-08-19
production,1,Ohio,oh,epicenter.stchome.com,nyc,New York City - New York State,PUBLIC_HEALTH,2027-04-01
production,1,Ohio,oh,izgateway.stchealthops.com,pa,Pennsylvania,PUBLIC_HEALTH,2027-08-19
production,1,Ohio,oh,epicenter.stchome.com,pa,Pennsylvania,PUBLIC_HEALTH,2027-04-01
production,1,Oklahoma,ok,OK-prod.izgateway.envisiontechnology.com,ar,Arkansas,PUBLIC_HEALTH,2027-05-25
production,1,Oklahoma,ok,OK-prod.izgateway.envisiontechnology.com,ph,Pennsylvania - Philadelphia,PUBLIC_HEALTH,2027-05-25
production,1,Oklahoma,ok,OK-prod.izgateway.envisiontechnology.com,nm,New Mexico,PUBLIC_HEALTH,2027-05-25
production,1,Oklahoma,ok,OK-prod.izgateway.envisiontechnology.com,nv,Nevada,PUBLIC_HEALTH,2027-05-25
production,1,Oklahoma,ok,OK-prod.izgateway.envisiontechnology.com,co,Colorado,PUBLIC_HEALTH,2027-05-25
production,1,Oklahoma,ok,OK-prod.izgateway.envisiontechnology.com,ks,Kansas,PUBLIC_HEALTH,2027-05-25
production,1,Oklahoma,ok,OK-prod.izgateway.envisiontechnology.com,ky,Kentucky,PUBLIC_HEALTH,2027-05-25
production,1,Oklahoma,ok,OK-prod.izgateway.envisiontechnology.com,ct,Connecticut,PUBLIC_HEALTH,2027-05-25
production,1,Oklahoma,ok,OK-prod.izgateway.envisiontechnology.com,mo,Missouri,PUBLIC_HEALTH,2027-05-25
production,1,Oklahoma,ok,OK-prod.izgateway.envisiontechnology.com,de,Delaware,PUBLIC_HEALTH,2027-05-25
production,1,Oklahoma,ok,OK-prod.izgateway.envisiontechnology.com,pa,Pennsylvania,PUBLIC_HEALTH,2027-05-25
production,1,Oregon,or,soa.alertiis.org,nv,Nevada,PUBLIC_HEALTH,2027-07-28
production,1,Oregon,or,soa.alertiis.org,nm,New Mexico,PUBLIC_HEALTH,2027-07-28
production,1,Palau - PI,pw,Palau-prod.izgateway.envisiontechnology.com,fm,Micronesia - PI,PUBLIC_HEALTH,2027-05-25
production,1,Palau - PI,pw,Palau-prod.izgateway.envisiontechnology.com,mp,N. Mariana Islands - PI,PUBLIC_HEALTH,2027-05-25
production,1,Palau - PI,pw,Palau-prod.izgateway.envisiontechnology.com,as,American Samoa - PI,PUBLIC_HEALTH,2027-05-25
production,1,Palau - PI,pw,Palau-prod.izgateway.envisiontechnology.com,mh,Marshall Islands - PI,PUBLIC_HEALTH,2027-05-25
production,1,Palau - PI,pw,Palau-prod.izgateway.envisiontechnology.com,gu,Guam - PI,PUBLIC_HEALTH,2027-05-25
production,1,Pennsylvania,pa,PA-prod.izgateway.envisiontechnology.com,de,Delaware,PUBLIC_HEALTH,2027-06-16
production,1,Pennsylvania,pa,PA-prod.izgateway.envisiontechnology.com,ct,Connecticut,PUBLIC_HEALTH,2027-06-16
production,1,Pennsylvania,pa,PA-prod.izgateway.envisiontechnology.com,ky,Kentucky,PUBLIC_HEALTH,2027-06-16
production,1,Pennsylvania,pa,PA-prod.izgateway.envisiontechnology.com,ph,Pennsylvania - Philadelphia,PUBLIC_HEALTH,2027-06-16
production,1,Pennsylvania,pa,PA-prod.izgateway.envisiontechnology.com,ar,Arkansas,PUBLIC_HEALTH,2027-06-16
production,1,Pennsylvania,pa,PA-prod.izgateway.envisiontechnology.com,ok,Oklahoma,PUBLIC_HEALTH,2027-06-16
production,1,Pennsylvania,pa,PA-prod.izgateway.envisiontechnology.com,co,Colorado,PUBLIC_HEALTH,2027-06-16
production,1,Pennsylvania,pa,PA-prod.izgateway.envisiontechnology.com,nv,Nevada,PUBLIC_HEALTH,2027-06-16
production,1,Pennsylvania,pa,PA-prod.izgateway.envisiontechnology.com,ks,Kansas,PUBLIC_HEALTH,2027-06-16
production,1,Pennsylvania,pa,PA-prod.izgateway.envisiontechnology.com,nm,New Mexico,PUBLIC_HEALTH,2027-06-16
production,1,Pennsylvania,pa,PA-prod.izgateway.envisiontechnology.com,mo,Missouri,PUBLIC_HEALTH,2027-06-16
production,1,Pennsylvania,pa,PA-prod.izgateway.envisiontechnology.com,dc,District of Columbia,PUBLIC_HEALTH,2027-06-16
production,1,Pennsylvania,pa,PA-prod.izgateway.envisiontechnology.com,nj,New Jersey,PUBLIC_HEALTH,2027-06-16
production,1,Pennsylvania,pa,PA-prod.izgateway.envisiontechnology.com,nyc,New York City - New York State,PUBLIC_HEALTH,2027-06-16
production,1,Pennsylvania,pa,PA-prod.izgateway.envisiontechnology.com,oh,Ohio,PUBLIC_HEALTH,2027-06-16
production,1,Pennsylvania,pa,PA-prod.izgateway.envisiontechnology.com,pr,Puerto Rico,PUBLIC_HEALTH,2027-06-16
production,1,Pennsylvania,pa,PA-prod.izgateway.envisiontechnology.com,vi,Virgin Islands U.S.,PUBLIC_HEALTH,2027-06-16
production,1,Pennsylvania,pa,PA-prod.izgateway.envisiontechnology.com,va_s,Virginia (IIS),PUBLIC_HEALTH,2027-06-16
production,1,Pennsylvania,pa,PA-prod.izgateway.envisiontechnology.com,wv,West Virginia,PUBLIC_HEALTH,2027-06-16
production,1,Pennsylvania - Philadelphia,ph,Philly-prod.izgateway.envisiontechnology.com,nv,Nevada,PUBLIC_HEALTH,2027-05-25
production,1,Pennsylvania - Philadelphia,ph,Philly-prod.izgateway.envisiontechnology.com,nj,New Jersey,PUBLIC_HEALTH,2027-05-25
production,1,Pennsylvania - Philadelphia,ph,Philly-prod.izgateway.envisiontechnology.com,de,Delaware,PUBLIC_HEALTH,2027-05-25
production,1,Pennsylvania - Philadelphia,ph,Philly-prod.izgateway.envisiontechnology.com,ok,Oklahoma,PUBLIC_HEALTH,2027-05-25
production,1,Pennsylvania - Philadelphia,ph,Philly-prod.izgateway.envisiontechnology.com,ct,Connecticut,PUBLIC_HEALTH,2027-05-25
production,1,Pennsylvania - Philadelphia,ph,Philly-prod.izgateway.envisiontechnology.com,nyc,New York City - New York State,PUBLIC_HEALTH,2027-05-25
production,1,Pennsylvania - Philadelphia,ph,Philly-prod.izgateway.envisiontechnology.com,il,Illinois,PUBLIC_HEALTH,2027-05-25
production,1,Pennsylvania - Philadelphia,ph,Philly-prod.izgateway.envisiontechnology.com,ri,Rhode Island,PUBLIC_HEALTH,2027-05-25
production,1,Pennsylvania - Philadelphia,ph,Philly-prod.izgateway.envisiontechnology.com,pa,Pennsylvania,PUBLIC_HEALTH,2027-05-25
production,1,Pennsylvania - Philadelphia,ph,Philly-prod.izgateway.envisiontechnology.com,dc,District of Columbia,PUBLIC_HEALTH,2027-05-25
production,1,Pennsylvania - Philadelphia,ph,Philly-prod.izgateway.envisiontechnology.com,md,Maryland,PUBLIC_HEALTH,2027-05-25
production,1,Pennsylvania - Philadelphia,ph,Philly-prod.izgateway.envisiontechnology.com,oh,Ohio,PUBLIC_HEALTH,2027-05-25
production,1,Pennsylvania - Philadelphia,ph,Philly-prod.izgateway.envisiontechnology.com,pr,Puerto Rico,PUBLIC_HEALTH,2027-05-25
production,1,Pennsylvania - Philadelphia,ph,Philly-prod.izgateway.envisiontechnology.com,va_s,Virginia (IIS),PUBLIC_HEALTH,2027-05-25
production,1,Pennsylvania - Philadelphia,ph,Philly-prod.izgateway.envisiontechnology.com,wv,West Virginia,PUBLIC_HEALTH,2027-05-25
production,1,Puerto Rico,pr,izgateway.stchealthops.com,wv,West Virginia,PUBLIC_HEALTH,2027-08-19
production,1,Puerto Rico,pr,epicenter.stchome.com,wv,West Virginia,PUBLIC_HEALTH,2027-04-01
production,1,Puerto Rico,pr,izgateway.stchealthops.com,wy,Wyoming,PUBLIC_HEALTH,2027-08-19
production,1,Puerto Rico,pr,epicenter.stchome.com,wy,Wyoming,PUBLIC_HEALTH,2027-04-01
production,1,Puerto Rico,pr,izgateway.stchealthops.com,oh,Ohio,PUBLIC_HEALTH,2027-08-19
production,1,Puerto Rico,pr,epicenter.stchome.com,oh,Ohio,PUBLIC_HEALTH,2027-04-01
production,1,Puerto Rico,pr,izgateway.stchealthops.com,in,Indiana,PUBLIC_HEALTH,2027-08-19
production,1,Puerto Rico,pr,epicenter.stchome.com,in,Indiana,PUBLIC_HEALTH,2027-04-01
production,1,Puerto Rico,pr,izgateway.stchealthops.com,tn,Tennessee,PUBLIC_HEALTH,2027-08-19
production,1,Puerto Rico,pr,epicenter.stchome.com,tn,Tennessee,PUBLIC_HEALTH,2027-04-01
production,1,Puerto Rico,pr,izgateway.stchealthops.com,wa,Washington,PUBLIC_HEALTH,2027-08-19
production,1,Puerto Rico,pr,epicenter.stchome.com,wa,Washington,PUBLIC_HEALTH,2027-04-01
production,1,Puerto Rico,pr,izgateway.stchealthops.com,la,Louisiana,PUBLIC_HEALTH,2027-08-19
production,1,Puerto Rico,pr,epicenter.stchome.com,la,Louisiana,PUBLIC_HEALTH,2027-04-01
production,1,Puerto Rico,pr,izgateway.stchealthops.com,ak,Alaska,PUBLIC_HEALTH,2027-08-19
production,1,Puerto Rico,pr,epicenter.stchome.com,ak,Alaska,PUBLIC_HEALTH,2027-04-01
production,1,Puerto Rico,pr,izgateway.stchealthops.com,az,Arizona,PUBLIC_HEALTH,2027-08-19
production,1,Puerto Rico,pr,epicenter.stchome.com,az,Arizona,PUBLIC_HEALTH,2027-04-01
production,1,Puerto Rico,pr,izgateway.stchealthops.com,dc,District of Columbia,PUBLIC_HEALTH,2027-08-19
production,1,Puerto Rico,pr,epicenter.stchome.com,dc,District of Columbia,PUBLIC_HEALTH,2027-04-01
production,1,Puerto Rico,pr,izgateway.stchealthops.com,ms,Mississippi,PUBLIC_HEALTH,2027-08-19
production,1,Puerto Rico,pr,epicenter.stchome.com,ms,Mississippi,PUBLIC_HEALTH,2027-04-01
production,1,Puerto Rico,pr,izgateway.stchealthops.com,sd,South Dakota,PUBLIC_HEALTH,2027-08-19
production,1,Puerto Rico,pr,epicenter.stchome.com,sd,South Dakota,PUBLIC_HEALTH,2027-04-01
production,1,Puerto Rico,pr,izgateway.stchealthops.com,md,Maryland,PUBLIC_HEALTH,2027-08-19
production,1,Puerto Rico,pr,epicenter.stchome.com,md,Maryland,PUBLIC_HEALTH,2027-04-01
production,1,Puerto Rico,pr,izgateway.stchealthops.com,vi,Virgin Islands U.S.,PUBLIC_HEALTH,2027-08-19
production,1,Puerto Rico,pr,epicenter.stchome.com,vi,Virgin Islands U.S.,PUBLIC_HEALTH,2027-04-01
production,1,Puerto Rico,pr,izgateway.stchealthops.com,wi,Wisconsin,PUBLIC_HEALTH,2027-08-19
production,1,Puerto Rico,pr,epicenter.stchome.com,wi,Wisconsin,PUBLIC_HEALTH,2027-04-01
production,1,Puerto Rico,pr,izgateway.stchealthops.com,il,Illinois,PUBLIC_HEALTH,2027-08-19
production,1,Puerto Rico,pr,epicenter.stchome.com,il,Illinois,PUBLIC_HEALTH,2027-04-01
production,1,Puerto Rico,pr,izgateway.stchealthops.com,ct,Connecticut,PUBLIC_HEALTH,2027-08-19
production,1,Puerto Rico,pr,epicenter.stchome.com,ct,Connecticut,PUBLIC_HEALTH,2027-04-01
production,1,Puerto Rico,pr,izgateway.stchealthops.com,nm,New Mexico,PUBLIC_HEALTH,2027-08-19
production,1,Puerto Rico,pr,epicenter.stchome.com,nm,New Mexico,PUBLIC_HEALTH,2027-04-01
production,1,Puerto Rico,pr,izgateway.stchealthops.com,va_s,Virginia (IIS),PUBLIC_HEALTH,2027-08-19
production,1,Puerto Rico,pr,epicenter.stchome.com,va_s,Virginia (IIS),PUBLIC_HEALTH,2027-04-01
production,1,Puerto Rico,pr,izgateway.stchealthops.com,ky,Kentucky,PUBLIC_HEALTH,2027-08-19
production,1,Puerto Rico,pr,epicenter.stchome.com,ky,Kentucky,PUBLIC_HEALTH,2027-04-01
production,1,Puerto Rico,pr,izgateway.stchealthops.com,nj,New Jersey,PUBLIC_HEALTH,2027-08-19
production,1,Puerto Rico,pr,epicenter.stchome.com,nj,New Jersey,PUBLIC_HEALTH,2027-04-01
production,1,Puerto Rico,pr,izgateway.stchealthops.com,ny_vxu,New York State,PUBLIC_HEALTH,2027-08-19
production,1,Puerto Rico,pr,epicenter.stchome.com,ny_vxu,New York State,PUBLIC_HEALTH,2027-04-01
production,1,Rhode Island,ri,cdc-izg-client-certificate.kidsnet.health.ri.gov,ct,Connecticut,PUBLIC_HEALTH,2027-07-21
production,1,Rhode Island,ri,cdc-izg-client-certificate.kidsnet.health.ri.gov,nj,New Jersey,PUBLIC_HEALTH,2027-07-21
production,1,Rhode Island,ri,cdc-izg-client-certificate.kidsnet.health.ri.gov,nyc,New York City - New York State,PUBLIC_HEALTH,2027-07-21
production,1,Rhode Island,ri,cdc-izg-client-certificate.kidsnet.health.ri.gov,ky,Kentucky,PUBLIC_HEALTH,2027-07-21
production,1,Rhode Island,ri,cdc-izg-client-certificate.kidsnet.health.ri.gov,de,Delaware,PUBLIC_HEALTH,2027-07-21
production,1,Rhode Island,ri,cdc-izg-client-certificate.kidsnet.health.ri.gov,mi,Michigan,PUBLIC_HEALTH,2027-07-21
production,1,Rhode Island,ri,cdc-izg-client-certificate.kidsnet.health.ri.gov,il,Illinois,PUBLIC_HEALTH,2027-07-21
production,1,Rhode Island,ri,cdc-izg-client-certificate.kidsnet.health.ri.gov,fl,Florida,PUBLIC_HEALTH,2027-07-21
production,1,Rhode Island,ri,cdc-izg-client-certificate.kidsnet.health.ri.gov,ph,Pennsylvania - Philadelphia,PUBLIC_HEALTH,2027-07-21
production,1,South Dakota,sd,izgateway.stchealthops.com,wa,Washington,PUBLIC_HEALTH,2027-08-19
production,1,South Dakota,sd,epicenter.stchome.com,wa,Washington,PUBLIC_HEALTH,2027-04-01
production,1,South Dakota,sd,izgateway.stchealthops.com,ak,Alaska,PUBLIC_HEALTH,2027-08-19
production,1,South Dakota,sd,epicenter.stchome.com,ak,Alaska,PUBLIC_HEALTH,2027-04-01
production,1,South Dakota,sd,izgateway.stchealthops.com,az,Arizona,PUBLIC_HEALTH,2027-08-19
production,1,South Dakota,sd,epicenter.stchome.com,az,Arizona,PUBLIC_HEALTH,2027-04-01
production,1,South Dakota,sd,izgateway.stchealthops.com,dc,District of Columbia,PUBLIC_HEALTH,2027-08-19
production,1,South Dakota,sd,epicenter.stchome.com,dc,District of Columbia,PUBLIC_HEALTH,2027-04-01
production,1,South Dakota,sd,izgateway.stchealthops.com,in,Indiana,PUBLIC_HEALTH,2027-08-19
production,1,South Dakota,sd,epicenter.stchome.com,in,Indiana,PUBLIC_HEALTH,2027-04-01
production,1,South Dakota,sd,izgateway.stchealthops.com,la,Louisiana,PUBLIC_HEALTH,2027-08-19
production,1,South Dakota,sd,epicenter.stchome.com,la,Louisiana,PUBLIC_HEALTH,2027-04-01
production,1,South Dakota,sd,izgateway.stchealthops.com,ms,Mississippi,PUBLIC_HEALTH,2027-08-19
production,1,South Dakota,sd,epicenter.stchome.com,ms,Mississippi,PUBLIC_HEALTH,2027-04-01
production,1,South Dakota,sd,izgateway.stchealthops.com,oh,Ohio,PUBLIC_HEALTH,2027-08-19
production,1,South Dakota,sd,epicenter.stchome.com,oh,Ohio,PUBLIC_HEALTH,2027-04-01
production,1,South Dakota,sd,izgateway.stchealthops.com,pr,Puerto Rico,PUBLIC_HEALTH,2027-08-19
production,1,South Dakota,sd,epicenter.stchome.com,pr,Puerto Rico,PUBLIC_HEALTH,2027-04-01
production,1,South Dakota,sd,izgateway.stchealthops.com,wv,West Virginia,PUBLIC_HEALTH,2027-08-19
production,1,South Dakota,sd,epicenter.stchome.com,wv,West Virginia,PUBLIC_HEALTH,2027-04-01
production,1,South Dakota,sd,izgateway.stchealthops.com,wy,Wyoming,PUBLIC_HEALTH,2027-08-19
production,1,South Dakota,sd,epicenter.stchome.com,wy,Wyoming,PUBLIC_HEALTH,2027-04-01
production,1,South Dakota,sd,izgateway.stchealthops.com,tn,Tennessee,PUBLIC_HEALTH,2027-08-19
production,1,South Dakota,sd,epicenter.stchome.com,tn,Tennessee,PUBLIC_HEALTH,2027-04-01
production,1,South Dakota,sd,izgateway.stchealthops.com,nd,North Dakota,PUBLIC_HEALTH,2027-08-19
production,1,South Dakota,sd,epicenter.stchome.com,nd,North Dakota,PUBLIC_HEALTH,2027-04-01
production,1,South Dakota,sd,izgateway.stchealthops.com,va_s,Virginia (IIS),PUBLIC_HEALTH,2027-08-19
production,1,South Dakota,sd,epicenter.stchome.com,va_s,Virginia (IIS),PUBLIC_HEALTH,2027-04-01
production,1,Tennessee,tn,izgateway.stchealthops.com,in,Indiana,PUBLIC_HEALTH,2027-08-19
production,1,Tennessee,tn,epicenter.stchome.com,in,Indiana,PUBLIC_HEALTH,2027-04-01
production,1,Tennessee,tn,izgateway.stchealthops.com,wa,Washington,PUBLIC_HEALTH,2027-08-19
production,1,Tennessee,tn,epicenter.stchome.com,wa,Washington,PUBLIC_HEALTH,2027-04-01
production,1,Tennessee,tn,izgateway.stchealthops.com,dc,District of Columbia,PUBLIC_HEALTH,2027-08-19
production,1,Tennessee,tn,epicenter.stchome.com,dc,District of Columbia,PUBLIC_HEALTH,2027-04-01
production,1,Tennessee,tn,izgateway.stchealthops.com,pr,Puerto Rico,PUBLIC_HEALTH,2027-08-19
production,1,Tennessee,tn,epicenter.stchome.com,pr,Puerto Rico,PUBLIC_HEALTH,2027-04-01
production,1,Tennessee,tn,izgateway.stchealthops.com,wv,West Virginia,PUBLIC_HEALTH,2027-08-19
production,1,Tennessee,tn,epicenter.stchome.com,wv,West Virginia,PUBLIC_HEALTH,2027-04-01
production,1,Tennessee,tn,izgateway.stchealthops.com,ms,Mississippi,PUBLIC_HEALTH,2027-08-19
production,1,Tennessee,tn,epicenter.stchome.com,ms,Mississippi,PUBLIC_HEALTH,2027-04-01
production,1,Tennessee,tn,izgateway.stchealthops.com,az,Arizona,PUBLIC_HEALTH,2027-08-19
production,1,Tennessee,tn,epicenter.stchome.com,az,Arizona,PUBLIC_HEALTH,2027-04-01
production,1,Tennessee,tn,izgateway.stchealthops.com,la,Louisiana,PUBLIC_HEALTH,2027-08-19
production,1,Tennessee,tn,epicenter.stchome.com,la,Louisiana,PUBLIC_HEALTH,2027-04-01
production,1,Tennessee,tn,izgateway.stchealthops.com,oh,Ohio,PUBLIC_HEALTH,2027-08-19
production,1,Tennessee,tn,epicenter.stchome.com,oh,Ohio,PUBLIC_HEALTH,2027-04-01
production,1,Tennessee,tn,izgateway.stchealthops.com,ky,Kentucky,PUBLIC_HEALTH,2027-08-19
production,1,Tennessee,tn,epicenter.stchome.com,ky,Kentucky,PUBLIC_HEALTH,2027-04-01
production,1,Tennessee,tn,izgateway.stchealthops.com,fl,Florida,PUBLIC_HEALTH,2027-08-19
production,1,Tennessee,tn,epicenter.stchome.com,fl,Florida,PUBLIC_HEALTH,2027-04-01
production,1,Tennessee,tn,izgateway.stchealthops.com,il,Illinois,PUBLIC_HEALTH,2027-08-19
production,1,Tennessee,tn,epicenter.stchome.com,il,Illinois,PUBLIC_HEALTH,2027-04-01
production,1,Tennessee,tn,izgateway.stchealthops.com,mi,Michigan,PUBLIC_HEALTH,2027-08-19
production,1,Tennessee,tn,epicenter.stchome.com,mi,Michigan,PUBLIC_HEALTH,2027-04-01
production,1,Tennessee,tn,izgateway.stchealthops.com,mo,Missouri,PUBLIC_HEALTH,2027-08-19
production,1,Tennessee,tn,epicenter.stchome.com,mo,Missouri,PUBLIC_HEALTH,2027-04-01
production,1,Tennessee,tn,izgateway.stchealthops.com,ak,Alaska,PUBLIC_HEALTH,2027-08-19
production,1,Tennessee,tn,epicenter.stchome.com,ak,Alaska,PUBLIC_HEALTH,2027-04-01
production,1,Tennessee,tn,izgateway.stchealthops.com,sd,South Dakota,PUBLIC_HEALTH,2027-08-19
production,1,Tennessee,tn,epicenter.stchome.com,sd,South Dakota,PUBLIC_HEALTH,2027-04-01
production,1,Tennessee,tn,izgateway.stchealthops.com,wy,Wyoming,PUBLIC_HEALTH,2027-08-19
production,1,Tennessee,tn,epicenter.stchome.com,wy,Wyoming,PUBLIC_HEALTH,2027-04-01
production,1,Tennessee,tn,izgateway.stchealthops.com,va_s,Virginia (IIS),PUBLIC_HEALTH,2027-08-19
production,1,Tennessee,tn,epicenter.stchome.com,va_s,Virginia (IIS),PUBLIC_HEALTH,2027-04-01
production,1,Tennessee,tn,izgateway.stchealthops.com,ar,Arkansas,PUBLIC_HEALTH,2027-08-19
production,1,Tennessee,tn,epicenter.stchome.com,ar,Arkansas,PUBLIC_HEALTH,2027-04-01
production,1,Utah,ut,usiisapps.utah.gov,nv,Nevada,PUBLIC_HEALTH,2026-10-08
production,1,Utah,ut,usiisapps.utah.gov,nm,New Mexico,PUBLIC_HEALTH,2026-10-08
production,1,Utah,ut,usiisapps.utah.gov,fl,Florida,PUBLIC_HEALTH,2026-10-08
production,1,Utah,ut,usiisapps.utah.gov,il,Illinois,PUBLIC_HEALTH,2026-10-08
production,1,Utah,ut,usiisapps.utah.gov,mi,Michigan,PUBLIC_HEALTH,2026-10-08
production,1,Utah,ut,usiisapps.utah.gov,nj,New Jersey,PUBLIC_HEALTH,2026-10-08
production,1,Utah,ut,usiisapps.utah.gov,az,Arizona,PUBLIC_HEALTH,2026-10-08
production,1,Utah,ut,usiisapps.utah.gov,co,Colorado,PUBLIC_HEALTH,2026-10-08
production,1,Utah,ut,usiisapps.utah.gov,wa,Washington,PUBLIC_HEALTH,2026-10-08
production,1,Utah,ut,usiisapps.utah.gov,wy,Wyoming,PUBLIC_HEALTH,2026-10-08
production,1,Virginia,va,izgateway.stchealthops.com,de,Delaware,PUBLIC_HEALTH,2027-08-19
production,1,Virginia,va,epicenter.stchome.com,de,Delaware,PUBLIC_HEALTH,2027-04-01
production,1,Virginia,va,izgateway.stchealthops.com,md,Maryland,PUBLIC_HEALTH,2027-08-19
production,1,Virginia,va,epicenter.stchome.com,md,Maryland,PUBLIC_HEALTH,2027-04-01
production,1,Virginia,va,izgateway.stchealthops.com,ak,Alaska,PUBLIC_HEALTH,2027-08-19
production,1,Virginia,va,epicenter.stchome.com,ak,Alaska,PUBLIC_HEALTH,2027-04-01
production,1,Virginia,va,izgateway.stchealthops.com,az,Arizona,PUBLIC_HEALTH,2027-08-19
production,1,Virginia,va,epicenter.stchome.com,az,Arizona,PUBLIC_HEALTH,2027-04-01
production,1,Virginia,va,izgateway.stchealthops.com,dc,District of Columbia,PUBLIC_HEALTH,2027-08-19
production,1,Virginia,va,epicenter.stchome.com,dc,District of Columbia,PUBLIC_HEALTH,2027-04-01
production,1,Virginia,va,izgateway.stchealthops.com,in,Indiana,PUBLIC_HEALTH,2027-08-19
production,1,Virginia,va,epicenter.stchome.com,in,Indiana,PUBLIC_HEALTH,2027-04-01
production,1,Virginia,va,izgateway.stchealthops.com,la,Louisiana,PUBLIC_HEALTH,2027-08-19
production,1,Virginia,va,epicenter.stchome.com,la,Louisiana,PUBLIC_HEALTH,2027-04-01
production,1,Virginia,va,izgateway.stchealthops.com,ms,Mississippi,PUBLIC_HEALTH,2027-08-19
production,1,Virginia,va,epicenter.stchome.com,ms,Mississippi,PUBLIC_HEALTH,2027-04-01
production,1,Virginia,va,izgateway.stchealthops.com,oh,Ohio,PUBLIC_HEALTH,2027-08-19
production,1,Virginia,va,epicenter.stchome.com,oh,Ohio,PUBLIC_HEALTH,2027-04-01
production,1,Virginia,va,izgateway.stchealthops.com,pr,Puerto Rico,PUBLIC_HEALTH,2027-08-19
production,1,Virginia,va,epicenter.stchome.com,pr,Puerto Rico,PUBLIC_HEALTH,2027-04-01
production,1,Virginia,va,izgateway.stchealthops.com,sd,South Dakota,PUBLIC_HEALTH,2027-08-19
production,1,Virginia,va,epicenter.stchome.com,sd,South Dakota,PUBLIC_HEALTH,2027-04-01
production,1,Virginia,va,izgateway.stchealthops.com,tn,Tennessee,PUBLIC_HEALTH,2027-08-19
production,1,Virginia,va,epicenter.stchome.com,tn,Tennessee,PUBLIC_HEALTH,2027-04-01
production,1,Virginia,va,izgateway.stchealthops.com,wa,Washington,PUBLIC_HEALTH,2027-08-19
production,1,Virginia,va,epicenter.stchome.com,wa,Washington,PUBLIC_HEALTH,2027-04-01
production,1,Virginia,va,izgateway.stchealthops.com,wv,West Virginia,PUBLIC_HEALTH,2027-08-19
production,1,Virginia,va,epicenter.stchome.com,wv,West Virginia,PUBLIC_HEALTH,2027-04-01
production,1,Virginia,va,izgateway.stchealthops.com,wy,Wyoming,PUBLIC_HEALTH,2027-08-19
production,1,Virginia,va,epicenter.stchome.com,wy,Wyoming,PUBLIC_HEALTH,2027-04-01
production,1,Virginia,va,izgateway.stchealthops.com,ky,Kentucky,PUBLIC_HEALTH,2027-08-19
production,1,Virginia,va,epicenter.stchome.com,ky,Kentucky,PUBLIC_HEALTH,2027-04-01
production,1,Virginia,va,izgateway.stchealthops.com,nj,New Jersey,PUBLIC_HEALTH,2027-08-19
production,1,Virginia,va,epicenter.stchome.com,nj,New Jersey,PUBLIC_HEALTH,2027-04-01
production,1,Virginia,va,izgateway.stchealthops.com,nyc,New York City - New York State,PUBLIC_HEALTH,2027-08-19
production,1,Virginia,va,epicenter.stchome.com,nyc,New York City - New York State,PUBLIC_HEALTH,2027-04-01
production,1,Virginia,va,izgateway.stchealthops.com,pa,Pennsylvania,PUBLIC_HEALTH,2027-08-19
production,1,Virginia,va,epicenter.stchome.com,pa,Pennsylvania,PUBLIC_HEALTH,2027-04-01
production,1,Virginia,va,izgateway.stchealthops.com,ph,Pennsylvania - Philadelphia,PUBLIC_HEALTH,2027-08-19
production,1,Virginia,va,epicenter.stchome.com,ph,Pennsylvania - Philadelphia,PUBLIC_HEALTH,2027-04-01
production,1,Virgin Islands U.S.,vi,viirs.optimoz.com,nyc,New York City - New York State,PUBLIC_HEALTH,2026-11-21
production,1,Virgin Islands U.S.,vi,hco.optimoz.com,nyc,New York City - New York State,PUBLIC_HEALTH,2026-11-21
production,1,Virgin Islands U.S.,vi,viirs.optimoz.com,fl,Florida,PUBLIC_HEALTH,2026-11-21
production,1,Virgin Islands U.S.,vi,hco.optimoz.com,fl,Florida,PUBLIC_HEALTH,2026-11-21
production,1,Virgin Islands U.S.,vi,viirs.optimoz.com,pr,Puerto Rico,PUBLIC_HEALTH,2026-11-21
production,1,Virgin Islands U.S.,vi,hco.optimoz.com,pr,Puerto Rico,PUBLIC_HEALTH,2026-11-21
production,1,Virgin Islands U.S.,vi,viirs.optimoz.com,md,Maryland,PUBLIC_HEALTH,2026-11-21
production,1,Virgin Islands U.S.,vi,hco.optimoz.com,md,Maryland,PUBLIC_HEALTH,2026-11-21
production,1,Virgin Islands U.S.,vi,viirs.optimoz.com,az,Arizona,PUBLIC_HEALTH,2026-11-21
production,1,Virgin Islands U.S.,vi,hco.optimoz.com,az,Arizona,PUBLIC_HEALTH,2026-11-21
production,1,Virgin Islands U.S.,vi,viirs.optimoz.com,wi,Wisconsin,PUBLIC_HEALTH,2026-11-21
production,1,Virgin Islands U.S.,vi,hco.optimoz.com,wi,Wisconsin,PUBLIC_HEALTH,2026-11-21
production,1,Virgin Islands U.S.,vi,viirs.optimoz.com,il,Illinois,PUBLIC_HEALTH,2026-11-21
production,1,Virgin Islands U.S.,vi,hco.optimoz.com,il,Illinois,PUBLIC_HEALTH,2026-11-21
production,1,Virgin Islands U.S.,vi,viirs.optimoz.com,ct,Connecticut,PUBLIC_HEALTH,2026-11-21
production,1,Virgin Islands U.S.,vi,hco.optimoz.com,ct,Connecticut,PUBLIC_HEALTH,2026-11-21
production,1,Virgin Islands U.S.,vi,viirs.optimoz.com,nm,New Mexico,PUBLIC_HEALTH,2026-11-21
production,1,Virgin Islands U.S.,vi,hco.optimoz.com,nm,New Mexico,PUBLIC_HEALTH,2026-11-21
production,1,Virgin Islands U.S.,vi,viirs.optimoz.com,dc,District of Columbia,PUBLIC_HEALTH,2026-11-21
production,1,Virgin Islands U.S.,vi,hco.optimoz.com,dc,District of Columbia,PUBLIC_HEALTH,2026-11-21
production,1,Virgin Islands U.S.,vi,viirs.optimoz.com,ky,Kentucky,PUBLIC_HEALTH,2026-11-21
production,1,Virgin Islands U.S.,vi,hco.optimoz.com,ky,Kentucky,PUBLIC_HEALTH,2026-11-21
production,1,Virgin Islands U.S.,vi,viirs.optimoz.com,nj,New Jersey,PUBLIC_HEALTH,2026-11-21
production,1,Virgin Islands U.S.,vi,hco.optimoz.com,nj,New Jersey,PUBLIC_HEALTH,2026-11-21
production,1,Virgin Islands U.S.,vi,viirs.optimoz.com,oh,Ohio,PUBLIC_HEALTH,2026-11-21
production,1,Virgin Islands U.S.,vi,hco.optimoz.com,oh,Ohio,PUBLIC_HEALTH,2026-11-21
production,1,Virgin Islands U.S.,vi,viirs.optimoz.com,pa,Pennsylvania,PUBLIC_HEALTH,2026-11-21
production,1,Virgin Islands U.S.,vi,hco.optimoz.com,pa,Pennsylvania,PUBLIC_HEALTH,2026-11-21
production,1,Virgin Islands U.S.,vi,viirs.optimoz.com,va_s,Virginia (IIS),PUBLIC_HEALTH,2026-11-21
production,1,Virgin Islands U.S.,vi,hco.optimoz.com,va_s,Virginia (IIS),PUBLIC_HEALTH,2026-11-21
production,1,Virgin Islands U.S.,vi,viirs.optimoz.com,wv,West Virginia,PUBLIC_HEALTH,2026-11-21
production,1,Virgin Islands U.S.,vi,hco.optimoz.com,wv,West Virginia,PUBLIC_HEALTH,2026-11-21
production,1,Washington,wa,izgateway.stchealthops.com,ak,Alaska,PUBLIC_HEALTH,2027-08-19
production,1,Washington,wa,epicenter.stchome.com,ak,Alaska,PUBLIC_HEALTH,2027-04-01
production,1,Washington,wa,izgateway.stchealthops.com,wy,Wyoming,PUBLIC_HEALTH,2027-08-19
production,1,Washington,wa,epicenter.stchome.com,wy,Wyoming,PUBLIC_HEALTH,2027-04-01
production,1,Washington,wa,izgateway.stchealthops.com,pr,Puerto Rico,PUBLIC_HEALTH,2027-08-19
production,1,Washington,wa,epicenter.stchome.com,pr,Puerto Rico,PUBLIC_HEALTH,2027-04-01
production,1,Washington,wa,izgateway.stchealthops.com,la,Louisiana,PUBLIC_HEALTH,2027-08-19
production,1,Washington,wa,epicenter.stchome.com,la,Louisiana,PUBLIC_HEALTH,2027-04-01
production,1,Washington,wa,izgateway.stchealthops.com,wv,West Virginia,PUBLIC_HEALTH,2027-08-19
production,1,Washington,wa,epicenter.stchome.com,wv,West Virginia,PUBLIC_HEALTH,2027-04-01
production,1,Washington,wa,izgateway.stchealthops.com,oh,Ohio,PUBLIC_HEALTH,2027-08-19
production,1,Washington,wa,epicenter.stchome.com,oh,Ohio,PUBLIC_HEALTH,2027-04-01
production,1,Washington,wa,izgateway.stchealthops.com,tn,Tennessee,PUBLIC_HEALTH,2027-08-19
production,1,Washington,wa,epicenter.stchome.com,tn,Tennessee,PUBLIC_HEALTH,2027-04-01
production,1,Washington,wa,izgateway.stchealthops.com,in,Indiana,PUBLIC_HEALTH,2027-08-19
production,1,Washington,wa,epicenter.stchome.com,in,Indiana,PUBLIC_HEALTH,2027-04-01
production,1,Washington,wa,izgateway.stchealthops.com,dc,District of Columbia,PUBLIC_HEALTH,2027-08-19
production,1,Washington,wa,epicenter.stchome.com,dc,District of Columbia,PUBLIC_HEALTH,2027-04-01
production,1,Washington,wa,izgateway.stchealthops.com,az,Arizona,PUBLIC_HEALTH,2027-08-19
production,1,Washington,wa,epicenter.stchome.com,az,Arizona,PUBLIC_HEALTH,2027-04-01
production,1,Washington,wa,izgateway.stchealthops.com,ms,Mississippi,PUBLIC_HEALTH,2027-08-19
production,1,Washington,wa,epicenter.stchome.com,ms,Mississippi,PUBLIC_HEALTH,2027-04-01
production,1,Washington,wa,izgateway.stchealthops.com,sd,South Dakota,PUBLIC_HEALTH,2027-08-19
production,1,Washington,wa,epicenter.stchome.com,sd,South Dakota,PUBLIC_HEALTH,2027-04-01
production,1,Washington,wa,izgateway.stchealthops.com,co,Colorado,PUBLIC_HEALTH,2027-08-19
production,1,Washington,wa,epicenter.stchome.com,co,Colorado,PUBLIC_HEALTH,2027-04-01
production,1,Washington,wa,izgateway.stchealthops.com,nv,Nevada,PUBLIC_HEALTH,2027-08-19
production,1,Washington,wa,epicenter.stchome.com,nv,Nevada,PUBLIC_HEALTH,2027-04-01
production,1,Washington,wa,izgateway.stchealthops.com,nm,New Mexico,PUBLIC_HEALTH,2027-08-19
production,1,Washington,wa,epicenter.stchome.com,nm,New Mexico,PUBLIC_HEALTH,2027-04-01
production,1,Washington,wa,izgateway.stchealthops.com,ut,Utah,PUBLIC_HEALTH,2027-08-19
production,1,Washington,wa,epicenter.stchome.com,ut,Utah,PUBLIC_HEALTH,2027-04-01
production,1,Washington,wa,izgateway.stchealthops.com,va_s,Virginia (IIS),PUBLIC_HEALTH,2027-08-19
production,1,Washington,wa,epicenter.stchome.com,va_s,Virginia (IIS),PUBLIC_HEALTH,2027-04-01
production,1,West Virginia,wv,izgateway.stchealthops.com,wa,Washington,PUBLIC_HEALTH,2027-08-19
production,1,West Virginia,wv,epicenter.stchome.com,wa,Washington,PUBLIC_HEALTH,2027-04-01
production,1,West Virginia,wv,izgateway.stchealthops.com,wy,Wyoming,PUBLIC_HEALTH,2027-08-19
production,1,West Virginia,wv,epicenter.stchome.com,wy,Wyoming,PUBLIC_HEALTH,2027-04-01
production,1,West Virginia,wv,izgateway.stchealthops.com,in,Indiana,PUBLIC_HEALTH,2027-08-19
production,1,West Virginia,wv,epicenter.stchome.com,in,Indiana,PUBLIC_HEALTH,2027-04-01
production,1,West Virginia,wv,izgateway.stchealthops.com,la,Louisiana,PUBLIC_HEALTH,2027-08-19
production,1,West Virginia,wv,epicenter.stchome.com,la,Louisiana,PUBLIC_HEALTH,2027-04-01
production,1,West Virginia,wv,izgateway.stchealthops.com,oh,Ohio,PUBLIC_HEALTH,2027-08-19
production,1,West Virginia,wv,epicenter.stchome.com,oh,Ohio,PUBLIC_HEALTH,2027-04-01
production,1,West Virginia,wv,izgateway.stchealthops.com,tn,Tennessee,PUBLIC_HEALTH,2027-08-19
production,1,West Virginia,wv,epicenter.stchome.com,tn,Tennessee,PUBLIC_HEALTH,2027-04-01
production,1,West Virginia,wv,izgateway.stchealthops.com,dc,District of Columbia,PUBLIC_HEALTH,2027-08-19
production,1,West Virginia,wv,epicenter.stchome.com,dc,District of Columbia,PUBLIC_HEALTH,2027-04-01
production,1,West Virginia,wv,izgateway.stchealthops.com,pr,Puerto Rico,PUBLIC_HEALTH,2027-08-19
production,1,West Virginia,wv,epicenter.stchome.com,pr,Puerto Rico,PUBLIC_HEALTH,2027-04-01
production,1,West Virginia,wv,izgateway.stchealthops.com,ak,Alaska,PUBLIC_HEALTH,2027-08-19
production,1,West Virginia,wv,epicenter.stchome.com,ak,Alaska,PUBLIC_HEALTH,2027-04-01
production,1,West Virginia,wv,izgateway.stchealthops.com,az,Arizona,PUBLIC_HEALTH,2027-08-19
production,1,West Virginia,wv,epicenter.stchome.com,az,Arizona,PUBLIC_HEALTH,2027-04-01
production,1,West Virginia,wv,izgateway.stchealthops.com,ms,Mississippi,PUBLIC_HEALTH,2027-08-19
production,1,West Virginia,wv,epicenter.stchome.com,ms,Mississippi,PUBLIC_HEALTH,2027-04-01
production,1,West Virginia,wv,izgateway.stchealthops.com,sd,South Dakota,PUBLIC_HEALTH,2027-08-19
production,1,West Virginia,wv,epicenter.stchome.com,sd,South Dakota,PUBLIC_HEALTH,2027-04-01
production,1,West Virginia,wv,izgateway.stchealthops.com,va_s,Virginia (IIS),PUBLIC_HEALTH,2027-08-19
production,1,West Virginia,wv,epicenter.stchome.com,va_s,Virginia (IIS),PUBLIC_HEALTH,2027-04-01
production,1,West Virginia,wv,izgateway.stchealthops.com,ky,Kentucky,PUBLIC_HEALTH,2027-08-19
production,1,West Virginia,wv,epicenter.stchome.com,ky,Kentucky,PUBLIC_HEALTH,2027-04-01
production,1,West Virginia,wv,izgateway.stchealthops.com,nj,New Jersey,PUBLIC_HEALTH,2027-08-19
production,1,West Virginia,wv,epicenter.stchome.com,nj,New Jersey,PUBLIC_HEALTH,2027-04-01
production,1,West Virginia,wv,izgateway.stchealthops.com,nyc,New York City - New York State,PUBLIC_HEALTH,2027-08-19
production,1,West Virginia,wv,epicenter.stchome.com,nyc,New York City - New York State,PUBLIC_HEALTH,2027-04-01
production,1,West Virginia,wv,izgateway.stchealthops.com,pa,Pennsylvania,PUBLIC_HEALTH,2027-08-19
production,1,West Virginia,wv,epicenter.stchome.com,pa,Pennsylvania,PUBLIC_HEALTH,2027-04-01
production,1,West Virginia,wv,izgateway.stchealthops.com,ph,Pennsylvania - Philadelphia,PUBLIC_HEALTH,2027-08-19
production,1,West Virginia,wv,epicenter.stchome.com,ph,Pennsylvania - Philadelphia,PUBLIC_HEALTH,2027-04-01
production,1,West Virginia,wv,izgateway.stchealthops.com,vi,Virgin Islands U.S.,PUBLIC_HEALTH,2027-08-19
production,1,West Virginia,wv,epicenter.stchome.com,vi,Virgin Islands U.S.,PUBLIC_HEALTH,2027-04-01
production,1,Wisconsin,wi,dhswir.org,nj,New Jersey,PUBLIC_HEALTH,2026-12-15
production,1,Wisconsin,wi,dhswir.org,pr,Puerto Rico,PUBLIC_HEALTH,2026-12-15
production,1,Wisconsin,wi,dhswir.org,md,Maryland,PUBLIC_HEALTH,2026-12-15
production,1,Wisconsin,wi,dhswir.org,az,Arizona,PUBLIC_HEALTH,2026-12-15
production,1,Wisconsin,wi,dhswir.org,vi,Virgin Islands U.S.,PUBLIC_HEALTH,2026-12-15
production,1,Wisconsin,wi,dhswir.org,il,Illinois,PUBLIC_HEALTH,2026-12-15
production,1,Wyoming,wy,izgateway.stchealthops.com,wv,West Virginia,PUBLIC_HEALTH,2027-08-19
production,1,Wyoming,wy,epicenter.stchome.com,wv,West Virginia,PUBLIC_HEALTH,2027-04-01
production,1,Wyoming,wy,izgateway.stchealthops.com,la,Louisiana,PUBLIC_HEALTH,2027-08-19
production,1,Wyoming,wy,epicenter.stchome.com,la,Louisiana,PUBLIC_HEALTH,2027-04-01
production,1,Wyoming,wy,izgateway.stchealthops.com,oh,Ohio,PUBLIC_HEALTH,2027-08-19
production,1,Wyoming,wy,epicenter.stchome.com,oh,Ohio,PUBLIC_HEALTH,2027-04-01
production,1,Wyoming,wy,izgateway.stchealthops.com,in,Indiana,PUBLIC_HEALTH,2027-08-19
production,1,Wyoming,wy,epicenter.stchome.com,in,Indiana,PUBLIC_HEALTH,2027-04-01
production,1,Wyoming,wy,izgateway.stchealthops.com,wa,Washington,PUBLIC_HEALTH,2027-08-19
production,1,Wyoming,wy,epicenter.stchome.com,wa,Washington,PUBLIC_HEALTH,2027-04-01
production,1,Wyoming,wy,izgateway.stchealthops.com,dc,District of Columbia,PUBLIC_HEALTH,2027-08-19
production,1,Wyoming,wy,epicenter.stchome.com,dc,District of Columbia,PUBLIC_HEALTH,2027-04-01
production,1,Wyoming,wy,izgateway.stchealthops.com,pr,Puerto Rico,PUBLIC_HEALTH,2027-08-19
production,1,Wyoming,wy,epicenter.stchome.com,pr,Puerto Rico,PUBLIC_HEALTH,2027-04-01
production,1,Wyoming,wy,izgateway.stchealthops.com,ak,Alaska,PUBLIC_HEALTH,2027-08-19
production,1,Wyoming,wy,epicenter.stchome.com,ak,Alaska,PUBLIC_HEALTH,2027-04-01
production,1,Wyoming,wy,izgateway.stchealthops.com,az,Arizona,PUBLIC_HEALTH,2027-08-19
production,1,Wyoming,wy,epicenter.stchome.com,az,Arizona,PUBLIC_HEALTH,2027-04-01
production,1,Wyoming,wy,izgateway.stchealthops.com,sd,South Dakota,PUBLIC_HEALTH,2027-08-19
production,1,Wyoming,wy,epicenter.stchome.com,sd,South Dakota,PUBLIC_HEALTH,2027-04-01
production,1,Wyoming,wy,izgateway.stchealthops.com,ms,Mississippi,PUBLIC_HEALTH,2027-08-19
production,1,Wyoming,wy,epicenter.stchome.com,ms,Mississippi,PUBLIC_HEALTH,2027-04-01
production,1,Wyoming,wy,izgateway.stchealthops.com,tn,Tennessee,PUBLIC_HEALTH,2027-08-19
production,1,Wyoming,wy,epicenter.stchome.com,tn,Tennessee,PUBLIC_HEALTH,2027-04-01
production,1,Wyoming,wy,izgateway.stchealthops.com,co,Colorado,PUBLIC_HEALTH,2027-08-19
production,1,Wyoming,wy,epicenter.stchome.com,co,Colorado,PUBLIC_HEALTH,2027-04-01
production,1,Wyoming,wy,izgateway.stchealthops.com,nv,Nevada,PUBLIC_HEALTH,2027-08-19
production,1,Wyoming,wy,epicenter.stchome.com,nv,Nevada,PUBLIC_HEALTH,2027-04-01
production,1,Wyoming,wy,izgateway.stchealthops.com,nm,New Mexico,PUBLIC_HEALTH,2027-08-19
production,1,Wyoming,wy,epicenter.stchome.com,nm,New Mexico,PUBLIC_HEALTH,2027-04-01
production,1,Wyoming,wy,izgateway.stchealthops.com,ut,Utah,PUBLIC_HEALTH,2027-08-19
production,1,Wyoming,wy,epicenter.stchome.com,ut,Utah,PUBLIC_HEALTH,2027-04-01
production,1,Wyoming,wy,izgateway.stchealthops.com,va_s,Virginia (IIS),PUBLIC_HEALTH,2027-08-19
production,1,Wyoming,wy,epicenter.stchome.com,va_s,Virginia (IIS),PUBLIC_HEALTH,2027-04-01
production,1,Wyoming,wy,izgateway.stchealthops.com,dex,CDC,PUBLIC_HEALTH,2027-08-19
production,1,Wyoming,wy,epicenter.stchome.com,dex,CDC,PUBLIC_HEALTH,2027-04-01
production,1,Alaska,ak,izgateway.stchealthops.com,dex,CDC,PUBLIC_HEALTH,2027-08-19
production,1,Alaska,ak,epicenter.stchome.com,dex,CDC,PUBLIC_HEALTH,2027-04-01
production,1,Utah,ut,usiisapps.utah.gov,dex,CDC,PUBLIC_HEALTH,2026-10-08
production,1,New Jersey,nj,hl-iispia-ha-e.njdoh.net,dex,CDC,PUBLIC_HEALTH,2027-01-06
production,1,North Dakota,nd,prod.ndiis.org,dex,CDC,PUBLIC_HEALTH,2026-09-02
production,1,Missouri,mo,MO-prod.izgateway.envisiontechnology.com,dex,CDC,PUBLIC_HEALTH,2027-05-25
production,1,South Dakota,sd,izgateway.stchealthops.com,dex,CDC,PUBLIC_HEALTH,2027-08-19
production,1,South Dakota,sd,epicenter.stchome.com,dex,CDC,PUBLIC_HEALTH,2027-04-01
production,1,Michigan,mi,integrationengine.mihin.org,dex,CDC,PUBLIC_HEALTH,2027-03-24
production,1,Washington,wa,izgateway.stchealthops.com,dex,CDC,PUBLIC_HEALTH,2027-08-19
production,1,Washington,wa,epicenter.stchome.com,dex,CDC,PUBLIC_HEALTH,2027-04-01
production,1,West Virginia,wv,izgateway.stchealthops.com,dex,CDC,PUBLIC_HEALTH,2027-08-19
production,1,West Virginia,wv,epicenter.stchome.com,dex,CDC,PUBLIC_HEALTH,2027-04-01
production,1,Puerto Rico,pr,izgateway.stchealthops.com,dex,CDC,PUBLIC_HEALTH,2027-08-19
production,1,Puerto Rico,pr,epicenter.stchome.com,dex,CDC,PUBLIC_HEALTH,2027-04-01
production,1,Mississippi,ms,izgateway.stchealthops.com,dex,CDC,PUBLIC_HEALTH,2027-08-19
production,1,Mississippi,ms,epicenter.stchome.com,dex,CDC,PUBLIC_HEALTH,2027-04-01
production,1,Tennessee,tn,izgateway.stchealthops.com,dex,CDC,PUBLIC_HEALTH,2027-08-19
production,1,Tennessee,tn,epicenter.stchome.com,dex,CDC,PUBLIC_HEALTH,2027-04-01
production,1,Ohio,oh,izgateway.stchealthops.com,dex,CDC,PUBLIC_HEALTH,2027-08-19
production,1,Ohio,oh,epicenter.stchome.com,dex,CDC,PUBLIC_HEALTH,2027-04-01
production,1,Arizona,az,izgateway.stchealthops.com,dex,CDC,PUBLIC_HEALTH,2027-08-19
production,1,Arizona,az,epicenter.stchome.com,dex,CDC,PUBLIC_HEALTH,2027-04-01
production,1,Louisiana,la,izgateway.stchealthops.com,dex,CDC,PUBLIC_HEALTH,2027-08-19
production,1,Louisiana,la,epicenter.stchome.com,dex,CDC,PUBLIC_HEALTH,2027-04-01
production,1,Indiana,in,izgateway.stchealthops.com,dex,CDC,PUBLIC_HEALTH,2027-08-19
production,1,Indiana,in,epicenter.stchome.com,dex,CDC,PUBLIC_HEALTH,2027-04-01
production,1,District of Columbia,dc,izgateway.stchealthops.com,dex,CDC,PUBLIC_HEALTH,2027-08-19
production,1,District of Columbia,dc,epicenter.stchome.com,dex,CDC,PUBLIC_HEALTH,2027-04-01
production,1,Virginia,va,izgateway.stchealthops.com,dex,CDC,PUBLIC_HEALTH,2027-08-19
production,1,Virginia,va,epicenter.stchome.com,dex,CDC,PUBLIC_HEALTH,2027-04-01
production,1,Virgin Islands U.S.,vi,viirs.optimoz.com,dex,CDC,PUBLIC_HEALTH,2026-11-21
production,1,Virgin Islands U.S.,vi,hco.optimoz.com,dex,CDC,PUBLIC_HEALTH,2026-11-21
production,1,Illinois,il,icarehl7.dph.illinois.gov,dex,CDC,PUBLIC_HEALTH,2027-06-03
production,1,Florida,fl,flshotsizgateway.flshots.com,dex,CDC,PUBLIC_HEALTH,2026-12-02
production,1,Alabama,al,prod-izgateway.adph.state.al.us,dex,CDC,PUBLIC_HEALTH,2027-04-08
production,1,New York City - New York State,nyc,izg.immunize.nyc,dex,CDC,PUBLIC_HEALTH,2027-01-07
production,1,Rhode Island,ri,cdc-izg-client-certificate.kidsnet.health.ri.gov,dex,CDC,PUBLIC_HEALTH,2027-07-21
production,1,Pennsylvania,pa,PA-prod.izgateway.envisiontechnology.com,dex,CDC,PUBLIC_HEALTH,2027-06-16
production,1,Kentucky,ky,KY-prod.izgateway.envisiontechnology.com,dex,CDC,PUBLIC_HEALTH,2027-05-25
production,1,Kansas,ks,KS-prod.izgateway.envisiontechnology.com,dex,CDC,PUBLIC_HEALTH,2027-05-25
production,1,Connecticut,ct,CT-prod.izgateway.envisiontechnology.com,dex,CDC,PUBLIC_HEALTH,2027-05-25
production,1,Arkansas,ar,AR-prod.izgateway.envisiontechnology.com,dex,CDC,PUBLIC_HEALTH,2027-05-25
production,1,Delaware,de,DE-prod.izgateway.envisiontechnology.com,dex,CDC,PUBLIC_HEALTH,2027-05-25
production,1,Colorado,co,CO-prod.izgateway.envisiontechnology.com,dex,CDC,PUBLIC_HEALTH,2027-05-25
production,1,Pennsylvania - Philadelphia,ph,Philly-prod.izgateway.envisiontechnology.com,dex,CDC,PUBLIC_HEALTH,2027-05-25
production,1,Oklahoma,ok,OK-prod.izgateway.envisiontechnology.com,dex,CDC,PUBLIC_HEALTH,2027-05-25
production,1,Nevada,nv,NV-prod.izgateway.envisiontechnology.com,dex,CDC,PUBLIC_HEALTH,2027-05-25
production,1,New Mexico,nm,NM-prod.izgateway.envisiontechnology.com,dex,CDC,PUBLIC_HEALTH,2027-05-25
production,1,Marshall Islands - PI,mh,RMI-prod.izgateway.envisiontechnology.com,dex,CDC,PUBLIC_HEALTH,2027-05-25
production,1,Palau - PI,pw,Palau-prod.izgateway.envisiontechnology.com,dex,CDC,PUBLIC_HEALTH,2027-05-25
production,1,N. Mariana Islands - PI,mp,CNMI-prod.izgateway.envisiontechnology.com,dex,CDC,PUBLIC_HEALTH,2027-05-25
production,1,Micronesia - PI,fm,FSM-prod.izgateway.envisiontechnology.com,dex,CDC,PUBLIC_HEALTH,2027-05-25
production,1,Guam - PI,gu,Guam-prod.izgateway.envisiontechnology.com,dex,CDC,PUBLIC_HEALTH,2027-05-25
production,1,American Samoa - PI,as,AS-prod.izgateway.envisiontechnology.com,dex,CDC,PUBLIC_HEALTH,2027-05-25
production,1,Oregon,or,soa.alertiis.org,dex,CDC,PUBLIC_HEALTH,2027-07-28
production,1,Wisconsin,wi,dhswir.org,dex,CDC,PUBLIC_HEALTH,2026-12-15
production,1,Maryland,md,www.mdimmunet.org,dex,CDC,PUBLIC_HEALTH,2027-06-08
production,1,Texas,tx,immtrac.dshs.texas.gov,dex,CDC,PUBLIC_HEALTH,2027-05-26
onboarding,3,Alaska,ak,izgateway2.stchealthops.com,wa,Washington,PUBLIC_HEALTH,2026-10-09
onboarding,3,Alaska,ak,izgateway2.stchealthops.com,az,Arizona,PUBLIC_HEALTH,2026-10-09
onboarding,3,Alaska,ak,izgateway2.stchealthops.com,dc,District of Columbia,PUBLIC_HEALTH,2026-10-09
onboarding,3,Alaska,ak,izgateway2.stchealthops.com,in,Indiana,PUBLIC_HEALTH,2026-10-09
onboarding,3,Alaska,ak,izgateway2.stchealthops.com,la,Louisiana,PUBLIC_HEALTH,2026-10-09
onboarding,3,Alaska,ak,izgateway2.stchealthops.com,ms,Mississippi,PUBLIC_HEALTH,2026-10-09
onboarding,3,Alaska,ak,izgateway2.stchealthops.com,oh,Ohio,PUBLIC_HEALTH,2026-10-09
onboarding,3,Alaska,ak,izgateway2.stchealthops.com,pr,Puerto Rico,PUBLIC_HEALTH,2026-10-09
onboarding,3,Alaska,ak,izgateway2.stchealthops.com,sd,South Dakota,PUBLIC_HEALTH,2026-10-09
onboarding,3,Alaska,ak,izgateway2.stchealthops.com,wv,West Virginia,PUBLIC_HEALTH,2026-10-09
onboarding,3,Alaska,ak,izgateway2.stchealthops.com,wy,Wyoming,PUBLIC_HEALTH,2026-10-09
onboarding,3,Alaska,ak,izgateway2.stchealthops.com,tn,Tennessee,PUBLIC_HEALTH,2026-10-09
onboarding,3,Alaska,ak,izgateway2.stchealthops.com,va_s,Virginia (IIS),PUBLIC_HEALTH,2026-10-09
onboarding,3,American Samoa - PI,as,AS-test.izgateway.envisiontechnology.com,fm,Micronesia - PI,PUBLIC_HEALTH,2027-05-25
onboarding,3,American Samoa - PI,as,AS-test.izgateway.envisiontechnology.com,mp,N. Mariana Islands - PI,PUBLIC_HEALTH,2027-05-25
onboarding,3,American Samoa - PI,as,AS-test.izgateway.envisiontechnology.com,mh,Marshall Islands - PI,PUBLIC_HEALTH,2027-05-25
onboarding,3,American Samoa - PI,as,AS-test.izgateway.envisiontechnology.com,pw,Palau - PI,PUBLIC_HEALTH,2027-05-25
onboarding,3,American Samoa - PI,as,AS-test.izgateway.envisiontechnology.com,gu,Guam - PI,PUBLIC_HEALTH,2027-05-25
onboarding,3,Arizona,az,izgateway2.stchealthops.com,in,Indiana,PUBLIC_HEALTH,2026-10-09
onboarding,3,Arizona,az,izgateway2.stchealthops.com,tn,Tennessee,PUBLIC_HEALTH,2026-10-09
onboarding,3,Arizona,az,izgateway2.stchealthops.com,wa,Washington,PUBLIC_HEALTH,2026-10-09
onboarding,3,Arizona,az,izgateway2.stchealthops.com,ak,Alaska,PUBLIC_HEALTH,2026-10-09
onboarding,3,Arizona,az,izgateway2.stchealthops.com,dc,District of Columbia,PUBLIC_HEALTH,2026-10-09
onboarding,3,Arizona,az,izgateway2.stchealthops.com,la,Louisiana,PUBLIC_HEALTH,2026-10-09
onboarding,3,Arizona,az,izgateway2.stchealthops.com,ms,Mississippi,PUBLIC_HEALTH,2026-10-09
onboarding,3,Arizona,az,izgateway2.stchealthops.com,oh,Ohio,PUBLIC_HEALTH,2026-10-09
onboarding,3,Arizona,az,izgateway2.stchealthops.com,pr,Puerto Rico,PUBLIC_HEALTH,2026-10-09
onboarding,3,Arizona,az,izgateway2.stchealthops.com,sd,South Dakota,PUBLIC_HEALTH,2026-10-09
onboarding,3,Arizona,az,izgateway2.stchealthops.com,wv,West Virginia,PUBLIC_HEALTH,2026-10-09
onboarding,3,Arizona,az,izgateway2.stchealthops.com,wy,Wyoming,PUBLIC_HEALTH,2026-10-09
onboarding,3,Arizona,az,izgateway2.stchealthops.com,md,Maryland,PUBLIC_HEALTH,2026-10-09
onboarding,3,Arizona,az,izgateway2.stchealthops.com,vi,Virgin Islands U.S.,PUBLIC_HEALTH,2026-10-09
onboarding,3,Arizona,az,izgateway2.stchealthops.com,wi,Wisconsin,PUBLIC_HEALTH,2026-10-09
onboarding,3,Arizona,az,izgateway2.stchealthops.com,il,Illinois,PUBLIC_HEALTH,2026-10-09
onboarding,3,Arizona,az,izgateway2.stchealthops.com,ct,Connecticut,PUBLIC_HEALTH,2026-10-09
onboarding,3,Arizona,az,izgateway2.stchealthops.com,nm,New Mexico,PUBLIC_HEALTH,2026-10-09
onboarding,3,Arizona,az,izgateway2.stchealthops.com,co,Colorado,PUBLIC_HEALTH,2026-10-09
onboarding,3,Arizona,az,izgateway2.stchealthops.com,nv,Nevada,PUBLIC_HEALTH,2026-10-09
onboarding,3,Arizona,az,izgateway2.stchealthops.com,ut,Utah,PUBLIC_HEALTH,2026-10-09
onboarding,3,Arizona,az,izgateway2.stchealthops.com,va_s,Virginia (IIS),PUBLIC_HEALTH,2026-10-09
onboarding,3,Arizona,az,izgateway2.stchealthops.com,nv,Nevada,PUBLIC_HEALTH,2026-10-09
onboarding,3,Arkansas,ar,AR-test.izgateway.envisiontechnology.com,ks,Kansas,PUBLIC_HEALTH,2027-05-25
onboarding,3,Arkansas,ar,AR-test.izgateway.envisiontechnology.com,nv,Nevada,PUBLIC_HEALTH,2027-05-25
onboarding,3,Arkansas,ar,AR-test.izgateway.envisiontechnology.com,ok,Oklahoma,PUBLIC_HEALTH,2027-05-25
onboarding,3,Arkansas,ar,AR-test.izgateway.envisiontechnology.com,ky,Kentucky,PUBLIC_HEALTH,2027-05-25
onboarding,3,Arkansas,ar,AR-test.izgateway.envisiontechnology.com,ct,Connecticut,PUBLIC_HEALTH,2027-05-25
onboarding,3,Arkansas,ar,AR-test.izgateway.envisiontechnology.com,mo,Missouri,PUBLIC_HEALTH,2027-05-25
onboarding,3,Arkansas,ar,AR-test.izgateway.envisiontechnology.com,nm,New Mexico,PUBLIC_HEALTH,2027-05-25
onboarding,3,Arkansas,ar,AR-test.izgateway.envisiontechnology.com,de,Delaware,PUBLIC_HEALTH,2027-05-25
onboarding,3,Arkansas,ar,AR-test.izgateway.envisiontechnology.com,ms,Mississippi,PUBLIC_HEALTH,2027-05-25
onboarding,3,Arkansas,ar,AR-test.izgateway.envisiontechnology.com,pa,Pennsylvania,PUBLIC_HEALTH,2027-05-25
onboarding,3,Arkansas,ar,AR-test.izgateway.envisiontechnology.com,la,Louisiana,PUBLIC_HEALTH,2027-05-25
onboarding,3,Arkansas,ar,AR-test.izgateway.envisiontechnology.com,tn,Tennessee,PUBLIC_HEALTH,2027-05-25
onboarding,3,Colorado,co,CO-test.izgateway.envisiontechnology.com,ok,Oklahoma,PUBLIC_HEALTH,2027-05-25
onboarding,3,Colorado,co,CO-test.izgateway.envisiontechnology.com,nv,Nevada,PUBLIC_HEALTH,2027-05-25
onboarding,3,Colorado,co,CO-test.izgateway.envisiontechnology.com,nm,New Mexico,PUBLIC_HEALTH,2027-05-25
onboarding,3,Colorado,co,CO-test.izgateway.envisiontechnology.com,ks,Kansas,PUBLIC_HEALTH,2027-05-25
onboarding,3,Colorado,co,CO-test.izgateway.envisiontechnology.com,pa,Pennsylvania,PUBLIC_HEALTH,2027-05-25
onboarding,3,Colorado,co,CO-test.izgateway.envisiontechnology.com,az,Arizona,PUBLIC_HEALTH,2027-05-25
onboarding,3,Colorado,co,CO-test.izgateway.envisiontechnology.com,ut,Utah,PUBLIC_HEALTH,2027-05-25
onboarding,3,Colorado,co,CO-test.izgateway.envisiontechnology.com,wa,Washington,PUBLIC_HEALTH,2027-05-25
onboarding,3,Colorado,co,CO-test.izgateway.envisiontechnology.com,wy,Wyoming,PUBLIC_HEALTH,2027-05-25
onboarding,3,Connecticut,ct,CT-test.izgateway.envisiontechnology.com,de,Delaware,PUBLIC_HEALTH,2027-05-25
onboarding,3,Connecticut,ct,CT-test.izgateway.envisiontechnology.com,nv,Nevada,PUBLIC_HEALTH,2027-05-25
onboarding,3,Connecticut,ct,CT-test.izgateway.envisiontechnology.com,ph,Pennsylvania - Philadelphia,PUBLIC_HEALTH,2027-05-25
onboarding,3,Connecticut,ct,CT-test.izgateway.envisiontechnology.com,ri,Rhode Island,PUBLIC_HEALTH,2027-05-25
onboarding,3,Connecticut,ct,CT-test.izgateway.envisiontechnology.com,nj,New Jersey,PUBLIC_HEALTH,2027-05-25
onboarding,3,Connecticut,ct,CT-test.izgateway.envisiontechnology.com,nyc,New York City - New York State,PUBLIC_HEALTH,2027-05-25
onboarding,3,Connecticut,ct,CT-test.izgateway.envisiontechnology.com,ar,Arkansas,PUBLIC_HEALTH,2027-05-25
onboarding,3,Connecticut,ct,CT-test.izgateway.envisiontechnology.com,nm,New Mexico,PUBLIC_HEALTH,2027-05-25
onboarding,3,Connecticut,ct,CT-test.izgateway.envisiontechnology.com,ok,Oklahoma,PUBLIC_HEALTH,2027-05-25
onboarding,3,Connecticut,ct,CT-test.izgateway.envisiontechnology.com,ks,Kansas,PUBLIC_HEALTH,2027-05-25
onboarding,3,Connecticut,ct,CT-test.izgateway.envisiontechnology.com,ky,Kentucky,PUBLIC_HEALTH,2027-05-25
onboarding,3,Connecticut,ct,CT-test.izgateway.envisiontechnology.com,mo,Missouri,PUBLIC_HEALTH,2027-05-25
onboarding,3,Connecticut,ct,CT-test.izgateway.envisiontechnology.com,mi,Michigan,PUBLIC_HEALTH,2027-05-25
onboarding,3,Connecticut,ct,CT-test.izgateway.envisiontechnology.com,fl,Florida,PUBLIC_HEALTH,2027-05-25
onboarding,3,Connecticut,ct,CT-test.izgateway.envisiontechnology.com,pa,Pennsylvania,PUBLIC_HEALTH,2027-05-25
onboarding,3,Connecticut,ct,CT-test.izgateway.envisiontechnology.com,pr,Puerto Rico,PUBLIC_HEALTH,2027-05-25
onboarding,3,Connecticut,ct,CT-test.izgateway.envisiontechnology.com,md,Maryland,PUBLIC_HEALTH,2027-05-25
onboarding,3,Connecticut,ct,CT-test.izgateway.envisiontechnology.com,az,Arizona,PUBLIC_HEALTH,2027-05-25
onboarding,3,Connecticut,ct,CT-test.izgateway.envisiontechnology.com,vi,Virgin Islands U.S.,PUBLIC_HEALTH,2027-05-25
onboarding,3,Connecticut,ct,CT-test.izgateway.envisiontechnology.com,il,Illinois,PUBLIC_HEALTH,2027-05-25
onboarding,3,Delaware,de,DE-test.izgateway.envisiontechnology.com,ph,Pennsylvania - Philadelphia,PUBLIC_HEALTH,2027-05-25
onboarding,3,Delaware,de,DE-test.izgateway.envisiontechnology.com,dc,District of Columbia,PUBLIC_HEALTH,2027-05-25
onboarding,3,Delaware,de,DE-test.izgateway.envisiontechnology.com,md,Maryland,PUBLIC_HEALTH,2027-05-25
onboarding,3,Delaware,de,DE-test.izgateway.envisiontechnology.com,ct,Connecticut,PUBLIC_HEALTH,2027-05-25
onboarding,3,Delaware,de,DE-test.izgateway.envisiontechnology.com,nj,New Jersey,PUBLIC_HEALTH,2027-05-25
onboarding,3,Delaware,de,DE-test.izgateway.envisiontechnology.com,ky,Kentucky,PUBLIC_HEALTH,2027-05-25
onboarding,3,Delaware,de,DE-test.izgateway.envisiontechnology.com,nv,Nevada,PUBLIC_HEALTH,2027-05-25
onboarding,3,Delaware,de,DE-test.izgateway.envisiontechnology.com,va_s,Virginia (IIS),PUBLIC_HEALTH,2027-05-25
onboarding,3,Delaware,de,DE-test.izgateway.envisiontechnology.com,nm,New Mexico,PUBLIC_HEALTH,2027-05-25
onboarding,3,Delaware,de,DE-test.izgateway.envisiontechnology.com,mo,Missouri,PUBLIC_HEALTH,2027-05-25
onboarding,3,Delaware,de,DE-test.izgateway.envisiontechnology.com,ok,Oklahoma,PUBLIC_HEALTH,2027-05-25
onboarding,3,Delaware,de,DE-test.izgateway.envisiontechnology.com,ri,Rhode Island,PUBLIC_HEALTH,2027-05-25
onboarding,3,Delaware,de,DE-test.izgateway.envisiontechnology.com,ar,Arkansas,PUBLIC_HEALTH,2027-05-25
onboarding,3,Delaware,de,DE-test.izgateway.envisiontechnology.com,pa,Pennsylvania,PUBLIC_HEALTH,2027-05-25
onboarding,3,District of Columbia,dc,izgateway2.stchealthops.com,wa,Washington,PUBLIC_HEALTH,2026-10-09
onboarding,3,District of Columbia,dc,izgateway2.stchealthops.com,wv,West Virginia,PUBLIC_HEALTH,2026-10-09
onboarding,3,District of Columbia,dc,izgateway2.stchealthops.com,wy,Wyoming,PUBLIC_HEALTH,2026-10-09
onboarding,3,District of Columbia,dc,izgateway2.stchealthops.com,in,Indiana,PUBLIC_HEALTH,2026-10-09
onboarding,3,District of Columbia,dc,izgateway2.stchealthops.com,la,Louisiana,PUBLIC_HEALTH,2026-10-09
onboarding,3,District of Columbia,dc,izgateway2.stchealthops.com,oh,Ohio,PUBLIC_HEALTH,2026-10-09
onboarding,3,District of Columbia,dc,izgateway2.stchealthops.com,tn,Tennessee,PUBLIC_HEALTH,2026-10-09
onboarding,3,District of Columbia,dc,izgateway2.stchealthops.com,de,Delaware,PUBLIC_HEALTH,2026-10-09
onboarding,3,District of Columbia,dc,izgateway2.stchealthops.com,md,Maryland,PUBLIC_HEALTH,2026-10-09
onboarding,3,District of Columbia,dc,izgateway2.stchealthops.com,ak,Alaska,PUBLIC_HEALTH,2026-10-09
onboarding,3,District of Columbia,dc,izgateway2.stchealthops.com,az,Arizona,PUBLIC_HEALTH,2026-10-09
onboarding,3,District of Columbia,dc,izgateway2.stchealthops.com,ms,Mississippi,PUBLIC_HEALTH,2026-10-09
onboarding,3,District of Columbia,dc,izgateway2.stchealthops.com,pr,Puerto Rico,PUBLIC_HEALTH,2026-10-09
onboarding,3,District of Columbia,dc,izgateway2.stchealthops.com,sd,South Dakota,PUBLIC_HEALTH,2026-10-09
onboarding,3,District of Columbia,dc,izgateway2.stchealthops.com,va_s,Virginia (IIS),PUBLIC_HEALTH,2026-10-09
onboarding,3,District of Columbia,dc,izgateway2.stchealthops.com,ky,Kentucky,PUBLIC_HEALTH,2026-10-09
onboarding,3,District of Columbia,dc,izgateway2.stchealthops.com,nyc,New York City - New York State,PUBLIC_HEALTH,2026-10-09
onboarding,3,District of Columbia,dc,izgateway2.stchealthops.com,pa,Pennsylvania,PUBLIC_HEALTH,2026-10-09
onboarding,3,District of Columbia,dc,izgateway2.stchealthops.com,ph,Pennsylvania - Philadelphia,PUBLIC_HEALTH,2026-10-09
onboarding,3,District of Columbia,dc,izgateway2.stchealthops.com,vi,Virgin Islands U.S.,PUBLIC_HEALTH,2026-10-09
onboarding,3,Florida,fl,flshotsizgatewaydev.flshots.com,nyc,New York City - New York State,PUBLIC_HEALTH,2026-12-02
onboarding,3,Florida,fl,flshotsizgatewaydev.flshots.com,nj,New Jersey,PUBLIC_HEALTH,2026-12-02
onboarding,3,Florida,fl,flshotsizgatewaydev.flshots.com,vi,Virgin Islands U.S.,PUBLIC_HEALTH,2026-12-02
onboarding,3,Florida,fl,flshotsizgatewaydev.flshots.com,ct,Connecticut,PUBLIC_HEALTH,2026-12-02
onboarding,3,Florida,fl,flshotsizgatewaydev.flshots.com,ri,Rhode Island,PUBLIC_HEALTH,2026-12-02
onboarding,3,Florida,fl,flshotsizgatewaydev.flshots.com,il,Illinois,PUBLIC_HEALTH,2026-12-02
onboarding,3,Florida,fl,flshotsizgatewaydev.flshots.com,ut,Utah,PUBLIC_HEALTH,2026-12-02
onboarding,3,Florida,fl,flshotsizgatewaydev.flshots.com,mi,Michigan,PUBLIC_HEALTH,2026-12-02
onboarding,3,Florida,fl,flshotsizgatewaydev.flshots.com,al,Alabama,PUBLIC_HEALTH,2026-12-02
onboarding,3,Florida,fl,flshotsizgatewaydev.flshots.com,in,Indiana,PUBLIC_HEALTH,2026-12-02
onboarding,3,Florida,fl,flshotsizgatewaydev.flshots.com,ky,Kentucky,PUBLIC_HEALTH,2026-12-02
onboarding,3,Florida,fl,flshotsizgatewaydev.flshots.com,ms,Mississippi,PUBLIC_HEALTH,2026-12-02
onboarding,3,Florida,fl,flshotsizgatewaydev.flshots.com,mo,Missouri,PUBLIC_HEALTH,2026-12-02
onboarding,3,Florida,fl,flshotsizgatewaydev.flshots.com,oh,Ohio,PUBLIC_HEALTH,2026-12-02
onboarding,3,Florida,fl,flshotsizgatewaydev.flshots.com,tn,Tennessee,PUBLIC_HEALTH,2026-12-02
onboarding,3,Guam - PI,gu,Guam-test.izgateway.envisiontechnology.com,fm,Micronesia - PI,PUBLIC_HEALTH,2027-05-25
onboarding,3,Guam - PI,gu,Guam-test.izgateway.envisiontechnology.com,mp,N. Mariana Islands - PI,PUBLIC_HEALTH,2027-05-25
onboarding,3,Guam - PI,gu,Guam-test.izgateway.envisiontechnology.com,mh,Marshall Islands - PI,PUBLIC_HEALTH,2027-05-25
onboarding,3,Guam - PI,gu,Guam-test.izgateway.envisiontechnology.com,pw,Palau - PI,PUBLIC_HEALTH,2027-05-25
onboarding,3,Guam - PI,gu,Guam-test.izgateway.envisiontechnology.com,as,American Samoa - PI,PUBLIC_HEALTH,2027-05-25
onboarding,3,Illinois,il,icarehl7test.dph.illinois.gov,mi,Michigan,PUBLIC_HEALTH,2027-04-14
onboarding,3,Illinois,il,icarehl7test.dph.illinois.gov,ri,Rhode Island,PUBLIC_HEALTH,2027-04-14
onboarding,3,Illinois,il,icarehl7test.dph.illinois.gov,ph,Pennsylvania - Philadelphia,PUBLIC_HEALTH,2027-04-14
onboarding,3,Illinois,il,icarehl7test.dph.illinois.gov,fl,Florida,PUBLIC_HEALTH,2027-04-14
onboarding,3,Illinois,il,icarehl7test.dph.illinois.gov,nj,New Jersey,PUBLIC_HEALTH,2027-04-14
onboarding,3,Illinois,il,icarehl7test.dph.illinois.gov,ut,Utah,PUBLIC_HEALTH,2027-04-14
onboarding,3,Illinois,il,icarehl7test.dph.illinois.gov,in,Indiana,PUBLIC_HEALTH,2027-04-14
onboarding,3,Illinois,il,icarehl7test.dph.illinois.gov,ms,Mississippi,PUBLIC_HEALTH,2027-04-14
onboarding,3,Illinois,il,icarehl7test.dph.illinois.gov,oh,Ohio,PUBLIC_HEALTH,2027-04-14
onboarding,3,Illinois,il,icarehl7test.dph.illinois.gov,tn,Tennessee,PUBLIC_HEALTH,2027-04-14
onboarding,3,Illinois,il,icarehl7test.dph.illinois.gov,pr,Puerto Rico,PUBLIC_HEALTH,2027-04-14
onboarding,3,Illinois,il,icarehl7test.dph.illinois.gov,md,Maryland,PUBLIC_HEALTH,2027-04-14
onboarding,3,Illinois,il,icarehl7test.dph.illinois.gov,az,Arizona,PUBLIC_HEALTH,2027-04-14
onboarding,3,Illinois,il,icarehl7test.dph.illinois.gov,vi,Virgin Islands U.S.,PUBLIC_HEALTH,2027-04-14
onboarding,3,Illinois,il,icarehl7test.dph.illinois.gov,wi,Wisconsin,PUBLIC_HEALTH,2027-04-14
onboarding,3,Illinois,il,icarehl7test.dph.illinois.gov,ct,Connecticut,PUBLIC_HEALTH,2027-04-14
onboarding,3,Illinois,il,icarehl7test.dph.illinois.gov,nm,New Mexico,PUBLIC_HEALTH,2027-04-14
onboarding,3,Indiana,in,izgateway2.stchealthops.com,wa,Washington,PUBLIC_HEALTH,2026-10-09
onboarding,3,Indiana,in,izgateway2.stchealthops.com,pr,Puerto Rico,PUBLIC_HEALTH,2026-10-09
onboarding,3,Indiana,in,izgateway2.stchealthops.com,wv,West Virginia,PUBLIC_HEALTH,2026-10-09
onboarding,3,Indiana,in,izgateway2.stchealthops.com,dc,District of Columbia,PUBLIC_HEALTH,2026-10-09
onboarding,3,Indiana,in,izgateway2.stchealthops.com,wy,Wyoming,PUBLIC_HEALTH,2026-10-09
onboarding,3,Indiana,in,izgateway2.stchealthops.com,az,Arizona,PUBLIC_HEALTH,2026-10-09
onboarding,3,Indiana,in,izgateway2.stchealthops.com,oh,Ohio,PUBLIC_HEALTH,2026-10-09
onboarding,3,Indiana,in,izgateway2.stchealthops.com,tn,Tennessee,PUBLIC_HEALTH,2026-10-09
onboarding,3,Indiana,in,izgateway2.stchealthops.com,la,Louisiana,PUBLIC_HEALTH,2026-10-09
onboarding,3,Indiana,in,izgateway2.stchealthops.com,ak,Alaska,PUBLIC_HEALTH,2026-10-09
onboarding,3,Indiana,in,izgateway2.stchealthops.com,ms,Mississippi,PUBLIC_HEALTH,2026-10-09
onboarding,3,Indiana,in,izgateway2.stchealthops.com,sd,South Dakota,PUBLIC_HEALTH,2026-10-09
onboarding,3,Indiana,in,izgateway2.stchealthops.com,fl,Florida,PUBLIC_HEALTH,2026-10-09
onboarding,3,Indiana,in,izgateway2.stchealthops.com,il,Illinois,PUBLIC_HEALTH,2026-10-09
onboarding,3,Indiana,in,izgateway2.stchealthops.com,ky,Kentucky,PUBLIC_HEALTH,2026-10-09
onboarding,3,Indiana,in,izgateway2.stchealthops.com,mi,Michigan,PUBLIC_HEALTH,2026-10-09
onboarding,3,Indiana,in,izgateway2.stchealthops.com,mo,Missouri,PUBLIC_HEALTH,2026-10-09
onboarding,3,Indiana,in,izgateway2.stchealthops.com,va_s,Virginia (IIS),PUBLIC_HEALTH,2026-10-09
onboarding,3,Kansas,ks,KS-test.izgateway.envisiontechnology.com,ok,Oklahoma,PUBLIC_HEALTH,2027-05-25
onboarding,3,Kansas,ks,KS-test.izgateway.envisiontechnology.com,ar,Arkansas,PUBLIC_HEALTH,2027-05-25
onboarding,3,Kansas,ks,KS-test.izgateway.envisiontechnology.com,ct,Connecticut,PUBLIC_HEALTH,2027-05-25
onboarding,3,Kansas,ks,KS-test.izgateway.envisiontechnology.com,nm,New Mexico,PUBLIC_HEALTH,2027-05-25
onboarding,3,Kansas,ks,KS-test.izgateway.envisiontechnology.com,nv,Nevada,PUBLIC_HEALTH,2027-05-25
onboarding,3,Kansas,ks,KS-test.izgateway.envisiontechnology.com,ky,Kentucky,PUBLIC_HEALTH,2027-05-25
onboarding,3,Kansas,ks,KS-test.izgateway.envisiontechnology.com,co,Colorado,PUBLIC_HEALTH,2027-05-25
onboarding,3,Kansas,ks,KS-test.izgateway.envisiontechnology.com,mo,Missouri,PUBLIC_HEALTH,2027-05-25
onboarding,3,Kansas,ks,KS-test.izgateway.envisiontechnology.com,pa,Pennsylvania,PUBLIC_HEALTH,2027-05-25
onboarding,3,Kentucky,ky,KY-test.izgateway.envisiontechnology.com,tn,Tennessee,PUBLIC_HEALTH,2027-05-25
onboarding,3,Kentucky,ky,KY-test.izgateway.envisiontechnology.com,de,Delaware,PUBLIC_HEALTH,2027-05-25
onboarding,3,Kentucky,ky,KY-test.izgateway.envisiontechnology.com,nj,New Jersey,PUBLIC_HEALTH,2027-05-25
onboarding,3,Kentucky,ky,KY-test.izgateway.envisiontechnology.com,ok,Oklahoma,PUBLIC_HEALTH,2027-05-25
onboarding,3,Kentucky,ky,KY-test.izgateway.envisiontechnology.com,ar,Arkansas,PUBLIC_HEALTH,2027-05-25
onboarding,3,Kentucky,ky,KY-test.izgateway.envisiontechnology.com,nv,Nevada,PUBLIC_HEALTH,2027-05-25
onboarding,3,Kentucky,ky,KY-test.izgateway.envisiontechnology.com,mi,Michigan,PUBLIC_HEALTH,2027-05-25
onboarding,3,Kentucky,ky,KY-test.izgateway.envisiontechnology.com,nm,New Mexico,PUBLIC_HEALTH,2027-05-25
onboarding,3,Kentucky,ky,KY-test.izgateway.envisiontechnology.com,ct,Connecticut,PUBLIC_HEALTH,2027-05-25
onboarding,3,Kentucky,ky,KY-test.izgateway.envisiontechnology.com,mo,Missouri,PUBLIC_HEALTH,2027-05-25
onboarding,3,Kentucky,ky,KY-test.izgateway.envisiontechnology.com,ri,Rhode Island,PUBLIC_HEALTH,2027-05-25
onboarding,3,Kentucky,ky,KY-test.izgateway.envisiontechnology.com,ks,Kansas,PUBLIC_HEALTH,2027-05-25
onboarding,3,Kentucky,ky,KY-test.izgateway.envisiontechnology.com,pa,Pennsylvania,PUBLIC_HEALTH,2027-05-25
onboarding,3,Kentucky,ky,KY-test.izgateway.envisiontechnology.com,fl,Florida,PUBLIC_HEALTH,2027-05-25
onboarding,3,Kentucky,ky,KY-test.izgateway.envisiontechnology.com,in,Indiana,PUBLIC_HEALTH,2027-05-25
onboarding,3,Kentucky,ky,KY-test.izgateway.envisiontechnology.com,ms,Mississippi,PUBLIC_HEALTH,2027-05-25
onboarding,3,Kentucky,ky,KY-test.izgateway.envisiontechnology.com,oh,Ohio,PUBLIC_HEALTH,2027-05-25
onboarding,3,Kentucky,ky,KY-test.izgateway.envisiontechnology.com,dc,District of Columbia,PUBLIC_HEALTH,2027-05-25
onboarding,3,Kentucky,ky,KY-test.izgateway.envisiontechnology.com,md,Maryland,PUBLIC_HEALTH,2027-05-25
onboarding,3,Kentucky,ky,KY-test.izgateway.envisiontechnology.com,nyc,New York City - New York State,PUBLIC_HEALTH,2027-05-25
onboarding,3,Kentucky,ky,KY-test.izgateway.envisiontechnology.com,pr,Puerto Rico,PUBLIC_HEALTH,2027-05-25
onboarding,3,Louisiana,la,izgateway2.stchealthops.com,tn,Tennessee,PUBLIC_HEALTH,2026-10-09
onboarding,3,Louisiana,la,izgateway2.stchealthops.com,wa,Washington,PUBLIC_HEALTH,2026-10-09
onboarding,3,Louisiana,la,izgateway2.stchealthops.com,wy,Wyoming,PUBLIC_HEALTH,2026-10-09
onboarding,3,Louisiana,la,izgateway2.stchealthops.com,dc,District of Columbia,PUBLIC_HEALTH,2026-10-09
onboarding,3,Louisiana,la,izgateway2.stchealthops.com,wv,West Virginia,PUBLIC_HEALTH,2026-10-09
onboarding,3,Louisiana,la,izgateway2.stchealthops.com,ms,Mississippi,PUBLIC_HEALTH,2026-10-09
onboarding,3,Louisiana,la,izgateway2.stchealthops.com,in,Indiana,PUBLIC_HEALTH,2026-10-09
onboarding,3,Louisiana,la,izgateway2.stchealthops.com,pr,Puerto Rico,PUBLIC_HEALTH,2026-10-09
onboarding,3,Louisiana,la,izgateway2.stchealthops.com,oh,Ohio,PUBLIC_HEALTH,2026-10-09
onboarding,3,Louisiana,la,izgateway2.stchealthops.com,ak,Alaska,PUBLIC_HEALTH,2026-10-09
onboarding,3,Louisiana,la,izgateway2.stchealthops.com,az,Arizona,PUBLIC_HEALTH,2026-10-09
onboarding,3,Louisiana,la,izgateway2.stchealthops.com,sd,South Dakota,PUBLIC_HEALTH,2026-10-09
onboarding,3,Louisiana,la,izgateway2.stchealthops.com,va_s,Virginia (IIS),PUBLIC_HEALTH,2026-10-09
onboarding,3,Louisiana,la,izgateway2.stchealthops.com,ar,Arkansas,PUBLIC_HEALTH,2026-10-09
onboarding,3,Louisiana,la,izgateway2.stchealthops.com,ky,Kentucky,PUBLIC_HEALTH,2026-10-09
onboarding,3,Marshall Islands - PI,mh,RMI-test.izgateway.envisiontechnology.com,as,American Samoa - PI,PUBLIC_HEALTH,2027-05-25
onboarding,3,Marshall Islands - PI,mh,RMI-test.izgateway.envisiontechnology.com,fm,Micronesia - PI,PUBLIC_HEALTH,2027-05-25
onboarding,3,Marshall Islands - PI,mh,RMI-test.izgateway.envisiontechnology.com,mp,N. Mariana Islands - PI,PUBLIC_HEALTH,2027-05-25
onboarding,3,Marshall Islands - PI,mh,RMI-test.izgateway.envisiontechnology.com,pw,Palau - PI,PUBLIC_HEALTH,2027-05-25
onboarding,3,Marshall Islands - PI,mh,RMI-test.izgateway.envisiontechnology.com,gu,Guam - PI,PUBLIC_HEALTH,2027-05-25
onboarding,3,Maryland,md,immutest.health.maryland.gov,de,Delaware,PUBLIC_HEALTH,2027-02-15
onboarding,3,Maryland,md,immutest.health.maryland.gov,dc,District of Columbia,PUBLIC_HEALTH,2027-02-15
onboarding,3,Maryland,md,immutest.health.maryland.gov,va_s,Virginia (IIS),PUBLIC_HEALTH,2027-02-15
onboarding,3,Maryland,md,immutest.health.maryland.gov,pr,Puerto Rico,PUBLIC_HEALTH,2027-02-15
onboarding,3,Maryland,md,immutest.health.maryland.gov,vi,Virgin Islands U.S.,PUBLIC_HEALTH,2027-02-15
onboarding,3,Maryland,md,immutest.health.maryland.gov,wi,Wisconsin,PUBLIC_HEALTH,2027-02-15
onboarding,3,Maryland,md,immutest.health.maryland.gov,il,Illinois,PUBLIC_HEALTH,2027-02-15
onboarding,3,Maryland,md,immutest.health.maryland.gov,ct,Connecticut,PUBLIC_HEALTH,2027-02-15
onboarding,3,Maryland,md,immutest.health.maryland.gov,nm,New Mexico,PUBLIC_HEALTH,2027-02-15
onboarding,3,Maryland,md,immutest.health.maryland.gov,az,Arizona,PUBLIC_HEALTH,2027-02-15
onboarding,3,Maryland,md,immutest.health.maryland.gov,ky,Kentucky,PUBLIC_HEALTH,2027-02-15
onboarding,3,Maryland,md,immutest.health.maryland.gov,nj,New Jersey,PUBLIC_HEALTH,2027-02-15
onboarding,3,Maryland,md,immutest.health.maryland.gov,nyc,New York City - New York State,PUBLIC_HEALTH,2027-02-15
onboarding,3,Maryland,md,immutest.health.maryland.gov,ph,Pennsylvania - Philadelphia,PUBLIC_HEALTH,2027-02-15
onboarding,3,Michigan,mi,integrationengine-preprod.mihin.org,il,Illinois,PUBLIC_HEALTH,2027-04-01
onboarding,3,Michigan,mi,integrationengine-preprod.mihin.org,ky,Kentucky,PUBLIC_HEALTH,2027-04-01
onboarding,3,Michigan,mi,integrationengine-preprod.mihin.org,ct,Connecticut,PUBLIC_HEALTH,2027-04-01
onboarding,3,Michigan,mi,integrationengine-preprod.mihin.org,ri,Rhode Island,PUBLIC_HEALTH,2027-04-01
onboarding,3,Michigan,mi,integrationengine-preprod.mihin.org,nj,New Jersey,PUBLIC_HEALTH,2027-04-01
onboarding,3,Michigan,mi,integrationengine-preprod.mihin.org,fl,Florida,PUBLIC_HEALTH,2027-04-01
onboarding,3,Michigan,mi,integrationengine-preprod.mihin.org,ut,Utah,PUBLIC_HEALTH,2027-04-01
onboarding,3,Michigan,mi,integrationengine-preprod.mihin.org,in,Indiana,PUBLIC_HEALTH,2027-04-01
onboarding,3,Michigan,mi,integrationengine-preprod.mihin.org,oh,Ohio,PUBLIC_HEALTH,2027-04-01
onboarding,3,Michigan,mi,integrationengine-preprod.mihin.org,ms,Mississippi,PUBLIC_HEALTH,2027-04-01
onboarding,3,Michigan,mi,integrationengine-preprod.mihin.org,tn,Tennessee,PUBLIC_HEALTH,2027-04-01
onboarding,3,Micronesia - PI,fm,FSM-test.izgateway.envisiontechnology.com,as,American Samoa - PI,PUBLIC_HEALTH,2027-05-25
onboarding,3,Micronesia - PI,fm,FSM-test.izgateway.envisiontechnology.com,pw,Palau - PI,PUBLIC_HEALTH,2027-05-25
onboarding,3,Micronesia - PI,fm,FSM-test.izgateway.envisiontechnology.com,mh,Marshall Islands - PI,PUBLIC_HEALTH,2027-05-25
onboarding,3,Micronesia - PI,fm,FSM-test.izgateway.envisiontechnology.com,mp,N. Mariana Islands - PI,PUBLIC_HEALTH,2027-05-25
onboarding,3,Micronesia - PI,fm,FSM-test.izgateway.envisiontechnology.com,gu,Guam - PI,PUBLIC_HEALTH,2027-05-25
onboarding,3,Mississippi,ms,izgateway2.stchealthops.com,tn,Tennessee,PUBLIC_HEALTH,2026-10-09
onboarding,3,Mississippi,ms,izgateway2.stchealthops.com,la,Louisiana,PUBLIC_HEALTH,2026-10-09
onboarding,3,Mississippi,ms,izgateway2.stchealthops.com,ar,Arkansas,PUBLIC_HEALTH,2026-10-09
onboarding,3,Mississippi,ms,izgateway2.stchealthops.com,wa,Washington,PUBLIC_HEALTH,2026-10-09
onboarding,3,Mississippi,ms,izgateway2.stchealthops.com,ak,Alaska,PUBLIC_HEALTH,2026-10-09
onboarding,3,Mississippi,ms,izgateway2.stchealthops.com,az,Arizona,PUBLIC_HEALTH,2026-10-09
onboarding,3,Mississippi,ms,izgateway2.stchealthops.com,dc,District of Columbia,PUBLIC_HEALTH,2026-10-09
onboarding,3,Mississippi,ms,izgateway2.stchealthops.com,in,Indiana,PUBLIC_HEALTH,2026-10-09
onboarding,3,Mississippi,ms,izgateway2.stchealthops.com,oh,Ohio,PUBLIC_HEALTH,2026-10-09
onboarding,3,Mississippi,ms,izgateway2.stchealthops.com,pr,Puerto Rico,PUBLIC_HEALTH,2026-10-09
onboarding,3,Mississippi,ms,izgateway2.stchealthops.com,sd,South Dakota,PUBLIC_HEALTH,2026-10-09
onboarding,3,Mississippi,ms,izgateway2.stchealthops.com,wv,West Virginia,PUBLIC_HEALTH,2026-10-09
onboarding,3,Mississippi,ms,izgateway2.stchealthops.com,wy,Wyoming,PUBLIC_HEALTH,2026-10-09
onboarding,3,Mississippi,ms,izgateway2.stchealthops.com,fl,Florida,PUBLIC_HEALTH,2026-10-09
onboarding,3,Mississippi,ms,izgateway2.stchealthops.com,il,Illinois,PUBLIC_HEALTH,2026-10-09
onboarding,3,Mississippi,ms,izgateway2.stchealthops.com,ky,Kentucky,PUBLIC_HEALTH,2026-10-09
onboarding,3,Mississippi,ms,izgateway2.stchealthops.com,mi,Michigan,PUBLIC_HEALTH,2026-10-09
onboarding,3,Mississippi,ms,izgateway2.stchealthops.com,mo,Missouri,PUBLIC_HEALTH,2026-10-09
onboarding,3,Mississippi,ms,izgateway2.stchealthops.com,va_s,Virginia (IIS),PUBLIC_HEALTH,2026-10-09
onboarding,3,Missouri,mo,MO-test.izgateway.envisiontechnology.com,ok,Oklahoma,PUBLIC_HEALTH,2027-05-25
onboarding,3,Missouri,mo,MO-test.izgateway.envisiontechnology.com,ar,Arkansas,PUBLIC_HEALTH,2027-05-25
onboarding,3,Missouri,mo,MO-test.izgateway.envisiontechnology.com,nv,Nevada,PUBLIC_HEALTH,2027-05-25
onboarding,3,Missouri,mo,MO-test.izgateway.envisiontechnology.com,ct,Connecticut,PUBLIC_HEALTH,2027-05-25
onboarding,3,Missouri,mo,MO-test.izgateway.envisiontechnology.com,nm,New Mexico,PUBLIC_HEALTH,2027-05-25
onboarding,3,Missouri,mo,MO-test.izgateway.envisiontechnology.com,de,Delaware,PUBLIC_HEALTH,2027-05-25
onboarding,3,Missouri,mo,MO-test.izgateway.envisiontechnology.com,ky,Kentucky,PUBLIC_HEALTH,2027-05-25
onboarding,3,Missouri,mo,MO-test.izgateway.envisiontechnology.com,fl,Florida,PUBLIC_HEALTH,2027-05-25
onboarding,3,Missouri,mo,MO-test.izgateway.envisiontechnology.com,in,Indiana,PUBLIC_HEALTH,2027-05-25
onboarding,3,Missouri,mo,MO-test.izgateway.envisiontechnology.com,ms,Mississippi,PUBLIC_HEALTH,2027-05-25
onboarding,3,Missouri,mo,MO-test.izgateway.envisiontechnology.com,oh,Ohio,PUBLIC_HEALTH,2027-05-25
onboarding,3,Missouri,mo,MO-test.izgateway.envisiontechnology.com,tn,Tennessee,PUBLIC_HEALTH,2027-05-25
onboarding,3,Missouri,mo,MO-test.izgateway.envisiontechnology.com,ks,Kansas,PUBLIC_HEALTH,2027-05-25
onboarding,3,Missouri,mo,MO-test.izgateway.envisiontechnology.com,pa,Pennsylvania,PUBLIC_HEALTH,2027-05-25
onboarding,3,N. Mariana Islands - PI,mp,CNMI-test.izgateway.envisiontechnology.com,as,American Samoa - PI,PUBLIC_HEALTH,2027-05-25
onboarding,3,N. Mariana Islands - PI,mp,CNMI-test.izgateway.envisiontechnology.com,pw,Palau - PI,PUBLIC_HEALTH,2027-05-25
onboarding,3,N. Mariana Islands - PI,mp,CNMI-test.izgateway.envisiontechnology.com,mh,Marshall Islands - PI,PUBLIC_HEALTH,2027-05-25
onboarding,3,N. Mariana Islands - PI,mp,CNMI-test.izgateway.envisiontechnology.com,fm,Micronesia - PI,PUBLIC_HEALTH,2027-05-25
onboarding,3,N. Mariana Islands - PI,mp,CNMI-test.izgateway.envisiontechnology.com,gu,Guam - PI,PUBLIC_HEALTH,2027-05-25
onboarding,3,Nevada,nv,NV-test.izgateway.envisiontechnology.com,ok,Oklahoma,PUBLIC_HEALTH,2027-05-25
onboarding,3,Nevada,nv,NV-test.izgateway.envisiontechnology.com,nm,New Mexico,PUBLIC_HEALTH,2027-05-25
onboarding,3,Nevada,nv,NV-test.izgateway.envisiontechnology.com,de,Delaware,PUBLIC_HEALTH,2027-05-25
onboarding,3,Nevada,nv,NV-test.izgateway.envisiontechnology.com,ar,Arkansas,PUBLIC_HEALTH,2027-05-25
onboarding,3,Nevada,nv,NV-test.izgateway.envisiontechnology.com,co,Colorado,PUBLIC_HEALTH,2027-05-25
onboarding,3,Nevada,nv,NV-test.izgateway.envisiontechnology.com,ct,Connecticut,PUBLIC_HEALTH,2027-05-25
onboarding,3,Nevada,nv,NV-test.izgateway.envisiontechnology.com,ut,Utah,PUBLIC_HEALTH,2027-05-25
onboarding,3,Nevada,nv,NV-test.izgateway.envisiontechnology.com,ph,Pennsylvania - Philadelphia,PUBLIC_HEALTH,2027-05-25
onboarding,3,Nevada,nv,NV-test.izgateway.envisiontechnology.com,ky,Kentucky,PUBLIC_HEALTH,2027-05-25
onboarding,3,Nevada,nv,NV-test.izgateway.envisiontechnology.com,or,Oregon,PUBLIC_HEALTH,2027-05-25
onboarding,3,Nevada,nv,NV-test.izgateway.envisiontechnology.com,ks,Kansas,PUBLIC_HEALTH,2027-05-25
onboarding,3,Nevada,nv,NV-test.izgateway.envisiontechnology.com,mo,Missouri,PUBLIC_HEALTH,2027-05-25
onboarding,3,Nevada,nv,NV-test.izgateway.envisiontechnology.com,pa,Pennsylvania,PUBLIC_HEALTH,2027-05-25
onboarding,3,Nevada,nv,NV-test.izgateway.envisiontechnology.com,az,Arizona,PUBLIC_HEALTH,2027-05-25
onboarding,3,Nevada,nv,NV-test.izgateway.envisiontechnology.com,wa,Washington,PUBLIC_HEALTH,2027-05-25
onboarding,3,Nevada,nv,NV-test.izgateway.envisiontechnology.com,wy,Wyoming,PUBLIC_HEALTH,2027-05-25
onboarding,3,New Jersey,nj,njiis-stage.doh.nj.gov,ct,Connecticut,PUBLIC_HEALTH,2027-08-25
onboarding,3,New Jersey,nj,njiis-stage.doh.nj.gov,de,Delaware,PUBLIC_HEALTH,2027-08-25
onboarding,3,New Jersey,nj,njiis-stage.doh.nj.gov,ri,Rhode Island,PUBLIC_HEALTH,2027-08-25
onboarding,3,New Jersey,nj,njiis-stage.doh.nj.gov,ph,Pennsylvania - Philadelphia,PUBLIC_HEALTH,2027-08-25
onboarding,3,New Jersey,nj,njiis-stage.doh.nj.gov,ky,Kentucky,PUBLIC_HEALTH,2027-08-25
onboarding,3,New Jersey,nj,njiis-stage.doh.nj.gov,nyc,New York City - New York State,PUBLIC_HEALTH,2027-08-25
onboarding,3,New Jersey,nj,njiis-stage.doh.nj.gov,fl,Florida,PUBLIC_HEALTH,2027-08-25
onboarding,3,New Jersey,nj,njiis-stage.doh.nj.gov,mi,Michigan,PUBLIC_HEALTH,2027-08-25
onboarding,3,New Jersey,nj,njiis-stage.doh.nj.gov,il,Illinois,PUBLIC_HEALTH,2027-08-25
onboarding,3,New Jersey,nj,njiis-stage.doh.nj.gov,ut,Utah,PUBLIC_HEALTH,2027-08-25
onboarding,3,New Jersey,nj,njiis-stage.doh.nj.gov,wi,Wisconsin,PUBLIC_HEALTH,2027-08-25
onboarding,3,New Jersey,nj,njiis-stage.doh.nj.gov,md,Maryland,PUBLIC_HEALTH,2027-08-25
onboarding,3,New Jersey,nj,njiis-stage.doh.nj.gov,oh,Ohio,PUBLIC_HEALTH,2027-08-25
onboarding,3,New Jersey,nj,njiis-stage.doh.nj.gov,pa,Pennsylvania,PUBLIC_HEALTH,2027-08-25
onboarding,3,New Jersey,nj,njiis-stage.doh.nj.gov,pr,Puerto Rico,PUBLIC_HEALTH,2027-08-25
onboarding,3,New Jersey,nj,njiis-stage.doh.nj.gov,vi,Virgin Islands U.S.,PUBLIC_HEALTH,2027-08-25
onboarding,3,New Jersey,nj,njiis-stage.doh.nj.gov,va_s,Virginia (IIS),PUBLIC_HEALTH,2027-08-25
onboarding,3,New Jersey,nj,njiis-stage.doh.nj.gov,wv,West Virginia,PUBLIC_HEALTH,2027-08-25
onboarding,3,New Mexico,nm,NM-test.izgateway.envisiontechnology.com,ky,Kentucky,PUBLIC_HEALTH,2027-05-25
onboarding,3,New Mexico,nm,NM-test.izgateway.envisiontechnology.com,nv,Nevada,PUBLIC_HEALTH,2027-05-25
onboarding,3,New Mexico,nm,NM-test.izgateway.envisiontechnology.com,ok,Oklahoma,PUBLIC_HEALTH,2027-05-25
onboarding,3,New Mexico,nm,NM-test.izgateway.envisiontechnology.com,ct,Connecticut,PUBLIC_HEALTH,2027-05-25
onboarding,3,New Mexico,nm,NM-test.izgateway.envisiontechnology.com,de,Delaware,PUBLIC_HEALTH,2027-05-25
onboarding,3,New Mexico,nm,NM-test.izgateway.envisiontechnology.com,ks,Kansas,PUBLIC_HEALTH,2027-05-25
onboarding,3,New Mexico,nm,NM-test.izgateway.envisiontechnology.com,mo,Missouri,PUBLIC_HEALTH,2027-05-25
onboarding,3,New Mexico,nm,NM-test.izgateway.envisiontechnology.com,ar,Arkansas,PUBLIC_HEALTH,2027-05-25
onboarding,3,New Mexico,nm,NM-test.izgateway.envisiontechnology.com,ut,Utah,PUBLIC_HEALTH,2027-05-25
onboarding,3,New Mexico,nm,NM-test.izgateway.envisiontechnology.com,co,Colorado,PUBLIC_HEALTH,2027-05-25
onboarding,3,New Mexico,nm,NM-test.izgateway.envisiontechnology.com,or,Oregon,PUBLIC_HEALTH,2027-05-25
onboarding,3,New Mexico,nm,NM-test.izgateway.envisiontechnology.com,tx,Texas,PUBLIC_HEALTH,2027-05-25
onboarding,3,New Mexico,nm,NM-test.izgateway.envisiontechnology.com,pr,Puerto Rico,PUBLIC_HEALTH,2027-05-25
onboarding,3,New Mexico,nm,NM-test.izgateway.envisiontechnology.com,md,Maryland,PUBLIC_HEALTH,2027-05-25
onboarding,3,New Mexico,nm,NM-test.izgateway.envisiontechnology.com,az,Arizona,PUBLIC_HEALTH,2027-05-25
onboarding,3,New Mexico,nm,NM-test.izgateway.envisiontechnology.com,vi,Virgin Islands U.S.,PUBLIC_HEALTH,2027-05-25
onboarding,3,New Mexico,nm,NM-test.izgateway.envisiontechnology.com,il,Illinois,PUBLIC_HEALTH,2027-05-25
onboarding,3,New Mexico,nm,NM-test.izgateway.envisiontechnology.com,wa,Washington,PUBLIC_HEALTH,2027-05-25
onboarding,3,New Mexico,nm,NM-test.izgateway.envisiontechnology.com,wy,Wyoming,PUBLIC_HEALTH,2027-05-25
onboarding,3,New Mexico,nm,NM-test.izgateway.envisiontechnology.com,pa,Pennsylvania,PUBLIC_HEALTH,2027-05-25
onboarding,3,New York City - New York State,nyc,izg-onboarding.immunize.nyc,ri,Rhode Island,PUBLIC_HEALTH,2027-03-03
onboarding,3,New York City - New York State,nyc,izg-onboarding.immunize.nyc,ct,Connecticut,PUBLIC_HEALTH,2027-03-03
onboarding,3,New York City - New York State,nyc,izg-onboarding.immunize.nyc,nj,New Jersey,PUBLIC_HEALTH,2027-03-03
onboarding,3,New York City - New York State,nyc,izg-onboarding.immunize.nyc,ph,Pennsylvania - Philadelphia,PUBLIC_HEALTH,2027-03-03
onboarding,3,New York City - New York State,nyc,izg-onboarding.immunize.nyc,vi,Virgin Islands U.S.,PUBLIC_HEALTH,2027-03-03
onboarding,3,New York City - New York State,nyc,izg-onboarding.immunize.nyc,fl,Florida,PUBLIC_HEALTH,2027-03-03
onboarding,3,New York City - New York State,nyc,izg-onboarding.immunize.nyc,dc,District of Columbia,PUBLIC_HEALTH,2027-03-03
onboarding,3,New York City - New York State,nyc,izg-onboarding.immunize.nyc,ky,Kentucky,PUBLIC_HEALTH,2027-03-03
onboarding,3,New York City - New York State,nyc,izg-onboarding.immunize.nyc,md,Maryland,PUBLIC_HEALTH,2027-03-03
onboarding,3,New York City - New York State,nyc,izg-onboarding.immunize.nyc,oh,Ohio,PUBLIC_HEALTH,2027-03-03
onboarding,3,New York City - New York State,nyc,izg-onboarding.immunize.nyc,pa,Pennsylvania,PUBLIC_HEALTH,2027-03-03
onboarding,3,New York City - New York State,nyc,izg-onboarding.immunize.nyc,pr,Puerto Rico,PUBLIC_HEALTH,2027-03-03
onboarding,3,New York City - New York State,nyc,izg-onboarding.immunize.nyc,va_s,Virginia (IIS),PUBLIC_HEALTH,2027-03-03
onboarding,3,New York City - New York State,nyc,izg-onboarding.immunize.nyc,wv,West Virginia,PUBLIC_HEALTH,2027-03-03
onboarding,3,North Dakota,nd,test.ndiis.org,sd,South Dakota,PUBLIC_HEALTH,2027-07-28
onboarding,3,North Dakota,nd,test.ndiis.org,az,Arizona,PUBLIC_HEALTH,2027-07-28
onboarding,3,Ohio,oh,izgateway2.stchealthops.com,wa,Washington,PUBLIC_HEALTH,2026-10-09
onboarding,3,Ohio,oh,izgateway2.stchealthops.com,in,Indiana,PUBLIC_HEALTH,2026-10-09
onboarding,3,Ohio,oh,izgateway2.stchealthops.com,pr,Puerto Rico,PUBLIC_HEALTH,2026-10-09
onboarding,3,Ohio,oh,izgateway2.stchealthops.com,tn,Tennessee,PUBLIC_HEALTH,2026-10-09
onboarding,3,Ohio,oh,izgateway2.stchealthops.com,wv,West Virginia,PUBLIC_HEALTH,2026-10-09
onboarding,3,Ohio,oh,izgateway2.stchealthops.com,dc,District of Columbia,PUBLIC_HEALTH,2026-10-09
onboarding,3,Ohio,oh,izgateway2.stchealthops.com,wy,Wyoming,PUBLIC_HEALTH,2026-10-09
onboarding,3,Ohio,oh,izgateway2.stchealthops.com,la,Louisiana,PUBLIC_HEALTH,2026-10-09
onboarding,3,Ohio,oh,izgateway2.stchealthops.com,ak,Alaska,PUBLIC_HEALTH,2026-10-09
onboarding,3,Ohio,oh,izgateway2.stchealthops.com,az,Arizona,PUBLIC_HEALTH,2026-10-09
onboarding,3,Ohio,oh,izgateway2.stchealthops.com,ms,Mississippi,PUBLIC_HEALTH,2026-10-09
onboarding,3,Ohio,oh,izgateway2.stchealthops.com,sd,South Dakota,PUBLIC_HEALTH,2026-10-09
onboarding,3,Ohio,oh,izgateway2.stchealthops.com,fl,Florida,PUBLIC_HEALTH,2026-10-09
onboarding,3,Ohio,oh,izgateway2.stchealthops.com,il,Illinois,PUBLIC_HEALTH,2026-10-09
onboarding,3,Ohio,oh,izgateway2.stchealthops.com,ky,Kentucky,PUBLIC_HEALTH,2026-10-09
onboarding,3,Ohio,oh,izgateway2.stchealthops.com,mi,Michigan,PUBLIC_HEALTH,2026-10-09
onboarding,3,Ohio,oh,izgateway2.stchealthops.com,mo,Missouri,PUBLIC_HEALTH,2026-10-09
onboarding,3,Ohio,oh,izgateway2.stchealthops.com,va_s,Virginia (IIS),PUBLIC_HEALTH,2026-10-09
onboarding,3,Ohio,oh,izgateway2.stchealthops.com,nj,New Jersey,PUBLIC_HEALTH,2026-10-09
onboarding,3,Ohio,oh,izgateway2.stchealthops.com,nyc,New York City - New York State,PUBLIC_HEALTH,2026-10-09
onboarding,3,Ohio,oh,izgateway2.stchealthops.com,pa,Pennsylvania,PUBLIC_HEALTH,2026-10-09
onboarding,3,Oklahoma,ok,OK-test.izgateway.envisiontechnology.com,ar,Arkansas,PUBLIC_HEALTH,2027-05-25
onboarding,3,Oklahoma,ok,OK-test.izgateway.envisiontechnology.com,ph,Pennsylvania - Philadelphia,PUBLIC_HEALTH,2027-05-25
onboarding,3,Oklahoma,ok,OK-test.izgateway.envisiontechnology.com,nm,New Mexico,PUBLIC_HEALTH,2027-05-25
onboarding,3,Oklahoma,ok,OK-test.izgateway.envisiontechnology.com,nv,Nevada,PUBLIC_HEALTH,2027-05-25
onboarding,3,Oklahoma,ok,OK-test.izgateway.envisiontechnology.com,co,Colorado,PUBLIC_HEALTH,2027-05-25
onboarding,3,Oklahoma,ok,OK-test.izgateway.envisiontechnology.com,ks,Kansas,PUBLIC_HEALTH,2027-05-25
onboarding,3,Oklahoma,ok,OK-test.izgateway.envisiontechnology.com,ky,Kentucky,PUBLIC_HEALTH,2027-05-25
onboarding,3,Oklahoma,ok,OK-test.izgateway.envisiontechnology.com,ct,Connecticut,PUBLIC_HEALTH,2027-05-25
onboarding,3,Oklahoma,ok,OK-test.izgateway.envisiontechnology.com,mo,Missouri,PUBLIC_HEALTH,2027-05-25
onboarding,3,Oklahoma,ok,OK-test.izgateway.envisiontechnology.com,de,Delaware,PUBLIC_HEALTH,2027-05-25
onboarding,3,Oklahoma,ok,OK-test.izgateway.envisiontechnology.com,pa,Pennsylvania,PUBLIC_HEALTH,2027-05-25
onboarding,3,Oregon,or,soa-test.alertiis.org,nv,Nevada,PUBLIC_HEALTH,2026-11-21
onboarding,3,Oregon,or,soa-test.alertiis.org,nm,New Mexico,PUBLIC_HEALTH,2026-11-21
onboarding,3,Palau - PI,pw,Palau-test.izgateway.envisiontechnology.com,fm,Micronesia - PI,PUBLIC_HEALTH,2027-05-25
onboarding,3,Palau - PI,pw,Palau-test.izgateway.envisiontechnology.com,mp,N. Mariana Islands - PI,PUBLIC_HEALTH,2027-05-25
onboarding,3,Palau - PI,pw,Palau-test.izgateway.envisiontechnology.com,as,American Samoa - PI,PUBLIC_HEALTH,2027-05-25
onboarding,3,Palau - PI,pw,Palau-test.izgateway.envisiontechnology.com,mh,Marshall Islands - PI,PUBLIC_HEALTH,2027-05-25
onboarding,3,Palau - PI,pw,Palau-test.izgateway.envisiontechnology.com,gu,Guam - PI,PUBLIC_HEALTH,2027-05-25
onboarding,3,Pennsylvania,pa,PA-test.izgateway.envisiontechnology.com,de,Delaware,PUBLIC_HEALTH,2027-06-16
onboarding,3,Pennsylvania,pa,PA-test.izgateway.envisiontechnology.com,ct,Connecticut,PUBLIC_HEALTH,2027-06-16
onboarding,3,Pennsylvania,pa,PA-test.izgateway.envisiontechnology.com,ky,Kentucky,PUBLIC_HEALTH,2027-06-16
onboarding,3,Pennsylvania,pa,PA-test.izgateway.envisiontechnology.com,ph,Pennsylvania - Philadelphia,PUBLIC_HEALTH,2027-06-16
onboarding,3,Pennsylvania,pa,PA-test.izgateway.envisiontechnology.com,ar,Arkansas,PUBLIC_HEALTH,2027-06-16
onboarding,3,Pennsylvania,pa,PA-test.izgateway.envisiontechnology.com,ok,Oklahoma,PUBLIC_HEALTH,2027-06-16
onboarding,3,Pennsylvania,pa,PA-test.izgateway.envisiontechnology.com,co,Colorado,PUBLIC_HEALTH,2027-06-16
onboarding,3,Pennsylvania,pa,PA-test.izgateway.envisiontechnology.com,nv,Nevada,PUBLIC_HEALTH,2027-06-16
onboarding,3,Pennsylvania,pa,PA-test.izgateway.envisiontechnology.com,ks,Kansas,PUBLIC_HEALTH,2027-06-16
onboarding,3,Pennsylvania,pa,PA-test.izgateway.envisiontechnology.com,nm,New Mexico,PUBLIC_HEALTH,2027-06-16
onboarding,3,Pennsylvania,pa,PA-test.izgateway.envisiontechnology.com,mo,Missouri,PUBLIC_HEALTH,2027-06-16
onboarding,3,Pennsylvania,pa,PA-test.izgateway.envisiontechnology.com,dc,District of Columbia,PUBLIC_HEALTH,2027-06-16
onboarding,3,Pennsylvania,pa,PA-test.izgateway.envisiontechnology.com,nj,New Jersey,PUBLIC_HEALTH,2027-06-16
onboarding,3,Pennsylvania,pa,PA-test.izgateway.envisiontechnology.com,nyc,New York City - New York State,PUBLIC_HEALTH,2027-06-16
onboarding,3,Pennsylvania,pa,PA-test.izgateway.envisiontechnology.com,oh,Ohio,PUBLIC_HEALTH,2027-06-16
onboarding,3,Pennsylvania,pa,PA-test.izgateway.envisiontechnology.com,pr,Puerto Rico,PUBLIC_HEALTH,2027-06-16
onboarding,3,Pennsylvania,pa,PA-test.izgateway.envisiontechnology.com,vi,Virgin Islands U.S.,PUBLIC_HEALTH,2027-06-16
onboarding,3,Pennsylvania,pa,PA-test.izgateway.envisiontechnology.com,va_s,Virginia (IIS),PUBLIC_HEALTH,2027-06-16
onboarding,3,Pennsylvania,pa,PA-test.izgateway.envisiontechnology.com,wv,West Virginia,PUBLIC_HEALTH,2027-06-16
onboarding,3,Pennsylvania - Philadelphia,ph,Philly-test.izgateway.envisiontechnology.com,nv,Nevada,PUBLIC_HEALTH,2027-05-25
onboarding,3,Pennsylvania - Philadelphia,ph,Philly-test.izgateway.envisiontechnology.com,nj,New Jersey,PUBLIC_HEALTH,2027-05-25
onboarding,3,Pennsylvania - Philadelphia,ph,Philly-test.izgateway.envisiontechnology.com,de,Delaware,PUBLIC_HEALTH,2027-05-25
onboarding,3,Pennsylvania - Philadelphia,ph,Philly-test.izgateway.envisiontechnology.com,ok,Oklahoma,PUBLIC_HEALTH,2027-05-25
onboarding,3,Pennsylvania - Philadelphia,ph,Philly-test.izgateway.envisiontechnology.com,ct,Connecticut,PUBLIC_HEALTH,2027-05-25
onboarding,3,Pennsylvania - Philadelphia,ph,Philly-test.izgateway.envisiontechnology.com,nyc,New York City - New York State,PUBLIC_HEALTH,2027-05-25
onboarding,3,Pennsylvania - Philadelphia,ph,Philly-test.izgateway.envisiontechnology.com,il,Illinois,PUBLIC_HEALTH,2027-05-25
onboarding,3,Pennsylvania - Philadelphia,ph,Philly-test.izgateway.envisiontechnology.com,ri,Rhode Island,PUBLIC_HEALTH,2027-05-25
onboarding,3,Pennsylvania - Philadelphia,ph,Philly-test.izgateway.envisiontechnology.com,pa,Pennsylvania,PUBLIC_HEALTH,2027-05-25
onboarding,3,Pennsylvania - Philadelphia,ph,Philly-test.izgateway.envisiontechnology.com,dc,District of Columbia,PUBLIC_HEALTH,2027-05-25
onboarding,3,Pennsylvania - Philadelphia,ph,Philly-test.izgateway.envisiontechnology.com,md,Maryland,PUBLIC_HEALTH,2027-05-25
onboarding,3,Pennsylvania - Philadelphia,ph,Philly-test.izgateway.envisiontechnology.com,oh,Ohio,PUBLIC_HEALTH,2027-05-25
onboarding,3,Pennsylvania - Philadelphia,ph,Philly-test.izgateway.envisiontechnology.com,pr,Puerto Rico,PUBLIC_HEALTH,2027-05-25
onboarding,3,Pennsylvania - Philadelphia,ph,Philly-test.izgateway.envisiontechnology.com,va_s,Virginia (IIS),PUBLIC_HEALTH,2027-05-25
onboarding,3,Pennsylvania - Philadelphia,ph,Philly-test.izgateway.envisiontechnology.com,wv,West Virginia,PUBLIC_HEALTH,2027-05-25
onboarding,3,Puerto Rico,pr,izgateway2.stchealthops.com,wv,West Virginia,PUBLIC_HEALTH,2026-10-09
onboarding,3,Puerto Rico,pr,izgateway2.stchealthops.com,wy,Wyoming,PUBLIC_HEALTH,2026-10-09
onboarding,3,Puerto Rico,pr,izgateway2.stchealthops.com,oh,Ohio,PUBLIC_HEALTH,2026-10-09
onboarding,3,Puerto Rico,pr,izgateway2.stchealthops.com,in,Indiana,PUBLIC_HEALTH,2026-10-09
onboarding,3,Puerto Rico,pr,izgateway2.stchealthops.com,tn,Tennessee,PUBLIC_HEALTH,2026-10-09
onboarding,3,Puerto Rico,pr,izgateway2.stchealthops.com,wa,Washington,PUBLIC_HEALTH,2026-10-09
onboarding,3,Puerto Rico,pr,izgateway2.stchealthops.com,la,Louisiana,PUBLIC_HEALTH,2026-10-09
onboarding,3,Puerto Rico,pr,izgateway2.stchealthops.com,ak,Alaska,PUBLIC_HEALTH,2026-10-09
onboarding,3,Puerto Rico,pr,izgateway2.stchealthops.com,az,Arizona,PUBLIC_HEALTH,2026-10-09
onboarding,3,Puerto Rico,pr,izgateway2.stchealthops.com,dc,District of Columbia,PUBLIC_HEALTH,2026-10-09
onboarding,3,Puerto Rico,pr,izgateway2.stchealthops.com,ms,Mississippi,PUBLIC_HEALTH,2026-10-09
onboarding,3,Puerto Rico,pr,izgateway2.stchealthops.com,sd,South Dakota,PUBLIC_HEALTH,2026-10-09
onboarding,3,Puerto Rico,pr,izgateway2.stchealthops.com,md,Maryland,PUBLIC_HEALTH,2026-10-09
onboarding,3,Puerto Rico,pr,izgateway2.stchealthops.com,vi,Virgin Islands U.S.,PUBLIC_HEALTH,2026-10-09
onboarding,3,Puerto Rico,pr,izgateway2.stchealthops.com,wi,Wisconsin,PUBLIC_HEALTH,2026-10-09
onboarding,3,Puerto Rico,pr,izgateway2.stchealthops.com,il,Illinois,PUBLIC_HEALTH,2026-10-09
onboarding,3,Puerto Rico,pr,izgateway2.stchealthops.com,ct,Connecticut,PUBLIC_HEALTH,2026-10-09
onboarding,3,Puerto Rico,pr,izgateway2.stchealthops.com,nm,New Mexico,PUBLIC_HEALTH,2026-10-09
onboarding,3,Puerto Rico,pr,izgateway2.stchealthops.com,va_s,Virginia (IIS),PUBLIC_HEALTH,2026-10-09
onboarding,3,Puerto Rico,pr,izgateway2.stchealthops.com,ky,Kentucky,PUBLIC_HEALTH,2026-10-09
onboarding,3,Puerto Rico,pr,izgateway2.stchealthops.com,nj,New Jersey,PUBLIC_HEALTH,2026-10-09
onboarding,3,Puerto Rico,pr,izgateway2.stchealthops.com,ny_vxu,New York State,PUBLIC_HEALTH,2026-10-09
onboarding,3,Rhode Island,ri,cdc-izg-onboarding-client-certificate.kidsnet.health.ri.gov,ct,Connecticut,PUBLIC_HEALTH,2027-08-07
onboarding,3,Rhode Island,ri,cdc-izg-onboarding-client-certificate.kidsnet.health.ri.gov,nj,New Jersey,PUBLIC_HEALTH,2027-08-07
onboarding,3,Rhode Island,ri,cdc-izg-onboarding-client-certificate.kidsnet.health.ri.gov,nyc,New York City - New York State,PUBLIC_HEALTH,2027-08-07
onboarding,3,Rhode Island,ri,cdc-izg-onboarding-client-certificate.kidsnet.health.ri.gov,ky,Kentucky,PUBLIC_HEALTH,2027-08-07
onboarding,3,Rhode Island,ri,cdc-izg-onboarding-client-certificate.kidsnet.health.ri.gov,de,Delaware,PUBLIC_HEALTH,2027-08-07
onboarding,3,Rhode Island,ri,cdc-izg-onboarding-client-certificate.kidsnet.health.ri.gov,mi,Michigan,PUBLIC_HEALTH,2027-08-07
onboarding,3,Rhode Island,ri,cdc-izg-onboarding-client-certificate.kidsnet.health.ri.gov,il,Illinois,PUBLIC_HEALTH,2027-08-07
onboarding,3,Rhode Island,ri,cdc-izg-onboarding-client-certificate.kidsnet.health.ri.gov,fl,Florida,PUBLIC_HEALTH,2027-08-07
onboarding,3,Rhode Island,ri,cdc-izg-onboarding-client-certificate.kidsnet.health.ri.gov,ph,Pennsylvania - Philadelphia,PUBLIC_HEALTH,2027-08-07
onboarding,3,South Dakota,sd,izgateway2.stchealthops.com,wa,Washington,PUBLIC_HEALTH,2026-10-09
onboarding,3,South Dakota,sd,izgateway2.stchealthops.com,ak,Alaska,PUBLIC_HEALTH,2026-10-09
onboarding,3,South Dakota,sd,izgateway2.stchealthops.com,az,Arizona,PUBLIC_HEALTH,2026-10-09
onboarding,3,South Dakota,sd,izgateway2.stchealthops.com,dc,District of Columbia,PUBLIC_HEALTH,2026-10-09
onboarding,3,South Dakota,sd,izgateway2.stchealthops.com,in,Indiana,PUBLIC_HEALTH,2026-10-09
onboarding,3,South Dakota,sd,izgateway2.stchealthops.com,la,Louisiana,PUBLIC_HEALTH,2026-10-09
onboarding,3,South Dakota,sd,izgateway2.stchealthops.com,ms,Mississippi,PUBLIC_HEALTH,2026-10-09
onboarding,3,South Dakota,sd,izgateway2.stchealthops.com,oh,Ohio,PUBLIC_HEALTH,2026-10-09
onboarding,3,South Dakota,sd,izgateway2.stchealthops.com,pr,Puerto Rico,PUBLIC_HEALTH,2026-10-09
onboarding,3,South Dakota,sd,izgateway2.stchealthops.com,wv,West Virginia,PUBLIC_HEALTH,2026-10-09
onboarding,3,South Dakota,sd,izgateway2.stchealthops.com,wy,Wyoming,PUBLIC_HEALTH,2026-10-09
onboarding,3,South Dakota,sd,izgateway2.stchealthops.com,tn,Tennessee,PUBLIC_HEALTH,2026-10-09
onboarding,3,South Dakota,sd,izgateway2.stchealthops.com,nd,North Dakota,PUBLIC_HEALTH,2026-10-09
onboarding,3,South Dakota,sd,izgateway2.stchealthops.com,va_s,Virginia (IIS),PUBLIC_HEALTH,2026-10-09
onboarding,3,Tennessee,tn,izgateway2.stchealthops.com,in,Indiana,PUBLIC_HEALTH,2026-10-09
onboarding,3,Tennessee,tn,izgateway2.stchealthops.com,wa,Washington,PUBLIC_HEALTH,2026-10-09
onboarding,3,Tennessee,tn,izgateway2.stchealthops.com,dc,District of Columbia,PUBLIC_HEALTH,2026-10-09
onboarding,3,Tennessee,tn,izgateway2.stchealthops.com,pr,Puerto Rico,PUBLIC_HEALTH,2026-10-09
onboarding,3,Tennessee,tn,izgateway2.stchealthops.com,wv,West Virginia,PUBLIC_HEALTH,2026-10-09
onboarding,3,Tennessee,tn,izgateway2.stchealthops.com,ms,Mississippi,PUBLIC_HEALTH,2026-10-09
onboarding,3,Tennessee,tn,izgateway2.stchealthops.com,az,Arizona,PUBLIC_HEALTH,2026-10-09
onboarding,3,Tennessee,tn,izgateway2.stchealthops.com,la,Louisiana,PUBLIC_HEALTH,2026-10-09
onboarding,3,Tennessee,tn,izgateway2.stchealthops.com,oh,Ohio,PUBLIC_HEALTH,2026-10-09
onboarding,3,Tennessee,tn,izgateway2.stchealthops.com,ky,Kentucky,PUBLIC_HEALTH,2026-10-09
onboarding,3,Tennessee,tn,izgateway2.stchealthops.com,fl,Florida,PUBLIC_HEALTH,2026-10-09
onboarding,3,Tennessee,tn,izgateway2.stchealthops.com,il,Illinois,PUBLIC_HEALTH,2026-10-09
onboarding,3,Tennessee,tn,izgateway2.stchealthops.com,mi,Michigan,PUBLIC_HEALTH,2026-10-09
onboarding,3,Tennessee,tn,izgateway2.stchealthops.com,mo,Missouri,PUBLIC_HEALTH,2026-10-09
onboarding,3,Tennessee,tn,izgateway2.stchealthops.com,ak,Alaska,PUBLIC_HEALTH,2026-10-09
onboarding,3,Tennessee,tn,izgateway2.stchealthops.com,sd,South Dakota,PUBLIC_HEALTH,2026-10-09
onboarding,3,Tennessee,tn,izgateway2.stchealthops.com,wy,Wyoming,PUBLIC_HEALTH,2026-10-09
onboarding,3,Tennessee,tn,izgateway2.stchealthops.com,va_s,Virginia (IIS),PUBLIC_HEALTH,2026-10-09
onboarding,3,Tennessee,tn,izgateway2.stchealthops.com,ar,Arkansas,PUBLIC_HEALTH,2026-10-09
onboarding,3,Utah,ut,usiisonboarding.utah.gov,nv,Nevada,PUBLIC_HEALTH,2026-10-08
onboarding,3,Utah,ut,usiisonboarding.utah.gov,nm,New Mexico,PUBLIC_HEALTH,2026-10-08
onboarding,3,Utah,ut,usiisonboarding.utah.gov,fl,Florida,PUBLIC_HEALTH,2026-10-08
onboarding,3,Utah,ut,usiisonboarding.utah.gov,il,Illinois,PUBLIC_HEALTH,2026-10-08
onboarding,3,Utah,ut,usiisonboarding.utah.gov,mi,Michigan,PUBLIC_HEALTH,2026-10-08
onboarding,3,Utah,ut,usiisonboarding.utah.gov,nj,New Jersey,PUBLIC_HEALTH,2026-10-08
onboarding,3,Utah,ut,usiisonboarding.utah.gov,az,Arizona,PUBLIC_HEALTH,2026-10-08
onboarding,3,Utah,ut,usiisonboarding.utah.gov,co,Colorado,PUBLIC_HEALTH,2026-10-08
onboarding,3,Utah,ut,usiisonboarding.utah.gov,wa,Washington,PUBLIC_HEALTH,2026-10-08
onboarding,3,Utah,ut,usiisonboarding.utah.gov,wy,Wyoming,PUBLIC_HEALTH,2026-10-08
onboarding,3,Virginia,va,izgateway2.stchealthops.com,de,Delaware,PUBLIC_HEALTH,2026-10-09
onboarding,3,Virginia,va,izgateway2.stchealthops.com,md,Maryland,PUBLIC_HEALTH,2026-10-09
onboarding,3,Virginia,va,izgateway2.stchealthops.com,ak,Alaska,PUBLIC_HEALTH,2026-10-09
onboarding,3,Virginia,va,izgateway2.stchealthops.com,az,Arizona,PUBLIC_HEALTH,2026-10-09
onboarding,3,Virginia,va,izgateway2.stchealthops.com,dc,District of Columbia,PUBLIC_HEALTH,2026-10-09
onboarding,3,Virginia,va,izgateway2.stchealthops.com,in,Indiana,PUBLIC_HEALTH,2026-10-09
onboarding,3,Virginia,va,izgateway2.stchealthops.com,la,Louisiana,PUBLIC_HEALTH,2026-10-09
onboarding,3,Virginia,va,izgateway2.stchealthops.com,ms,Mississippi,PUBLIC_HEALTH,2026-10-09
onboarding,3,Virginia,va,izgateway2.stchealthops.com,oh,Ohio,PUBLIC_HEALTH,2026-10-09
onboarding,3,Virginia,va,izgateway2.stchealthops.com,pr,Puerto Rico,PUBLIC_HEALTH,2026-10-09
onboarding,3,Virginia,va,izgateway2.stchealthops.com,sd,South Dakota,PUBLIC_HEALTH,2026-10-09
onboarding,3,Virginia,va,izgateway2.stchealthops.com,tn,Tennessee,PUBLIC_HEALTH,2026-10-09
onboarding,3,Virginia,va,izgateway2.stchealthops.com,wa,Washington,PUBLIC_HEALTH,2026-10-09
onboarding,3,Virginia,va,izgateway2.stchealthops.com,wv,West Virginia,PUBLIC_HEALTH,2026-10-09
onboarding,3,Virginia,va,izgateway2.stchealthops.com,wy,Wyoming,PUBLIC_HEALTH,2026-10-09
onboarding,3,Virginia,va,izgateway2.stchealthops.com,ky,Kentucky,PUBLIC_HEALTH,2026-10-09
onboarding,3,Virginia,va,izgateway2.stchealthops.com,nj,New Jersey,PUBLIC_HEALTH,2026-10-09
onboarding,3,Virginia,va,izgateway2.stchealthops.com,nyc,New York City - New York State,PUBLIC_HEALTH,2026-10-09
onboarding,3,Virginia,va,izgateway2.stchealthops.com,pa,Pennsylvania,PUBLIC_HEALTH,2026-10-09
onboarding,3,Virginia,va,izgateway2.stchealthops.com,ph,Pennsylvania - Philadelphia,PUBLIC_HEALTH,2026-10-09
onboarding,3,Washington,wa,izgateway2.stchealthops.com,ak,Alaska,PUBLIC_HEALTH,2026-10-09
onboarding,3,Washington,wa,izgateway2.stchealthops.com,wy,Wyoming,PUBLIC_HEALTH,2026-10-09
onboarding,3,Washington,wa,izgateway2.stchealthops.com,pr,Puerto Rico,PUBLIC_HEALTH,2026-10-09
onboarding,3,Washington,wa,izgateway2.stchealthops.com,la,Louisiana,PUBLIC_HEALTH,2026-10-09
onboarding,3,Washington,wa,izgateway2.stchealthops.com,wv,West Virginia,PUBLIC_HEALTH,2026-10-09
onboarding,3,Washington,wa,izgateway2.stchealthops.com,oh,Ohio,PUBLIC_HEALTH,2026-10-09
onboarding,3,Washington,wa,izgateway2.stchealthops.com,tn,Tennessee,PUBLIC_HEALTH,2026-10-09
onboarding,3,Washington,wa,izgateway2.stchealthops.com,in,Indiana,PUBLIC_HEALTH,2026-10-09
onboarding,3,Washington,wa,izgateway2.stchealthops.com,dc,District of Columbia,PUBLIC_HEALTH,2026-10-09
onboarding,3,Washington,wa,izgateway2.stchealthops.com,az,Arizona,PUBLIC_HEALTH,2026-10-09
onboarding,3,Washington,wa,izgateway2.stchealthops.com,ms,Mississippi,PUBLIC_HEALTH,2026-10-09
onboarding,3,Washington,wa,izgateway2.stchealthops.com,sd,South Dakota,PUBLIC_HEALTH,2026-10-09
onboarding,3,Washington,wa,izgateway2.stchealthops.com,co,Colorado,PUBLIC_HEALTH,2026-10-09
onboarding,3,Washington,wa,izgateway2.stchealthops.com,nv,Nevada,PUBLIC_HEALTH,2026-10-09
onboarding,3,Washington,wa,izgateway2.stchealthops.com,nm,New Mexico,PUBLIC_HEALTH,2026-10-09
onboarding,3,Washington,wa,izgateway2.stchealthops.com,ut,Utah,PUBLIC_HEALTH,2026-10-09
onboarding,3,Washington,wa,izgateway2.stchealthops.com,va_s,Virginia (IIS),PUBLIC_HEALTH,2026-10-09
onboarding,3,West Virginia,wv,izgateway2.stchealthops.com,wa,Washington,PUBLIC_HEALTH,2026-10-09
onboarding,3,West Virginia,wv,izgateway2.stchealthops.com,wy,Wyoming,PUBLIC_HEALTH,2026-10-09
onboarding,3,West Virginia,wv,izgateway2.stchealthops.com,in,Indiana,PUBLIC_HEALTH,2026-10-09
onboarding,3,West Virginia,wv,izgateway2.stchealthops.com,la,Louisiana,PUBLIC_HEALTH,2026-10-09
onboarding,3,West Virginia,wv,izgateway2.stchealthops.com,oh,Ohio,PUBLIC_HEALTH,2026-10-09
onboarding,3,West Virginia,wv,izgateway2.stchealthops.com,tn,Tennessee,PUBLIC_HEALTH,2026-10-09
onboarding,3,West Virginia,wv,izgateway2.stchealthops.com,dc,District of Columbia,PUBLIC_HEALTH,2026-10-09
onboarding,3,West Virginia,wv,izgateway2.stchealthops.com,pr,Puerto Rico,PUBLIC_HEALTH,2026-10-09
onboarding,3,West Virginia,wv,izgateway2.stchealthops.com,ak,Alaska,PUBLIC_HEALTH,2026-10-09
onboarding,3,West Virginia,wv,izgateway2.stchealthops.com,az,Arizona,PUBLIC_HEALTH,2026-10-09
onboarding,3,West Virginia,wv,izgateway2.stchealthops.com,ms,Mississippi,PUBLIC_HEALTH,2026-10-09
onboarding,3,West Virginia,wv,izgateway2.stchealthops.com,sd,South Dakota,PUBLIC_HEALTH,2026-10-09
onboarding,3,West Virginia,wv,izgateway2.stchealthops.com,va_s,Virginia (IIS),PUBLIC_HEALTH,2026-10-09
onboarding,3,West Virginia,wv,izgateway2.stchealthops.com,ky,Kentucky,PUBLIC_HEALTH,2026-10-09
onboarding,3,West Virginia,wv,izgateway2.stchealthops.com,nj,New Jersey,PUBLIC_HEALTH,2026-10-09
onboarding,3,West Virginia,wv,izgateway2.stchealthops.com,nyc,New York City - New York State,PUBLIC_HEALTH,2026-10-09
onboarding,3,West Virginia,wv,izgateway2.stchealthops.com,pa,Pennsylvania,PUBLIC_HEALTH,2026-10-09
onboarding,3,West Virginia,wv,izgateway2.stchealthops.com,ph,Pennsylvania - Philadelphia,PUBLIC_HEALTH,2026-10-09
onboarding,3,West Virginia,wv,izgateway2.stchealthops.com,vi,Virgin Islands U.S.,PUBLIC_HEALTH,2026-10-09
onboarding,3,Wisconsin,wi,training.dhswir.org,nj,New Jersey,PUBLIC_HEALTH,2026-12-12
onboarding,3,Wisconsin,wi,training.dhswir.org,pr,Puerto Rico,PUBLIC_HEALTH,2026-12-12
onboarding,3,Wisconsin,wi,training.dhswir.org,md,Maryland,PUBLIC_HEALTH,2026-12-12
onboarding,3,Wisconsin,wi,training.dhswir.org,az,Arizona,PUBLIC_HEALTH,2026-12-12
onboarding,3,Wisconsin,wi,training.dhswir.org,vi,Virgin Islands U.S.,PUBLIC_HEALTH,2026-12-12
onboarding,3,Wisconsin,wi,training.dhswir.org,il,Illinois,PUBLIC_HEALTH,2026-12-12
onboarding,3,Wyoming,wy,izgateway2.stchealthops.com,wv,West Virginia,PUBLIC_HEALTH,2026-10-09
onboarding,3,Wyoming,wy,izgateway2.stchealthops.com,la,Louisiana,PUBLIC_HEALTH,2026-10-09
onboarding,3,Wyoming,wy,izgateway2.stchealthops.com,oh,Ohio,PUBLIC_HEALTH,2026-10-09
onboarding,3,Wyoming,wy,izgateway2.stchealthops.com,in,Indiana,PUBLIC_HEALTH,2026-10-09
onboarding,3,Wyoming,wy,izgateway2.stchealthops.com,wa,Washington,PUBLIC_HEALTH,2026-10-09
onboarding,3,Wyoming,wy,izgateway2.stchealthops.com,dc,District of Columbia,PUBLIC_HEALTH,2026-10-09
onboarding,3,Wyoming,wy,izgateway2.stchealthops.com,pr,Puerto Rico,PUBLIC_HEALTH,2026-10-09
onboarding,3,Wyoming,wy,izgateway2.stchealthops.com,ak,Alaska,PUBLIC_HEALTH,2026-10-09
onboarding,3,Wyoming,wy,izgateway2.stchealthops.com,az,Arizona,PUBLIC_HEALTH,2026-10-09
onboarding,3,Wyoming,wy,izgateway2.stchealthops.com,sd,South Dakota,PUBLIC_HEALTH,2026-10-09
onboarding,3,Wyoming,wy,izgateway2.stchealthops.com,ms,Mississippi,PUBLIC_HEALTH,2026-10-09
onboarding,3,Wyoming,wy,izgateway2.stchealthops.com,tn,Tennessee,PUBLIC_HEALTH,2026-10-09
onboarding,3,Wyoming,wy,izgateway2.stchealthops.com,co,Colorado,PUBLIC_HEALTH,2026-10-09
onboarding,3,Wyoming,wy,izgateway2.stchealthops.com,nv,Nevada,PUBLIC_HEALTH,2026-10-09
onboarding,3,Wyoming,wy,izgateway2.stchealthops.com,nm,New Mexico,PUBLIC_HEALTH,2026-10-09
onboarding,3,Wyoming,wy,izgateway2.stchealthops.com,ut,Utah,PUBLIC_HEALTH,2026-10-09
onboarding,3,Wyoming,wy,izgateway2.stchealthops.com,va_s,Virginia (IIS),PUBLIC_HEALTH,2026-10-09
onboarding,3,Wyoming,wy,izgateway2.stchealthops.com,dex,CDC,PUBLIC_HEALTH,2026-10-09
onboarding,3,Alaska,ak,izgateway2.stchealthops.com,dex,CDC,PUBLIC_HEALTH,2026-10-09
onboarding,3,Utah,ut,usiisonboarding.utah.gov,dex,CDC,PUBLIC_HEALTH,2026-10-08
onboarding,3,New Jersey,nj,njiis-stage.doh.nj.gov,dex,CDC,PUBLIC_HEALTH,2027-08-25
onboarding,3,North Dakota,nd,test.ndiis.org,dex,CDC,PUBLIC_HEALTH,2027-07-28
onboarding,3,Missouri,mo,MO-test.izgateway.envisiontechnology.com,dex,CDC,PUBLIC_HEALTH,2027-05-25
onboarding,3,South Dakota,sd,izgateway2.stchealthops.com,dex,CDC,PUBLIC_HEALTH,2026-10-09
onboarding,3,Michigan,mi,integrationengine-preprod.mihin.org,dex,CDC,PUBLIC_HEALTH,2027-04-01
onboarding,3,Washington,wa,izgateway2.stchealthops.com,dex,CDC,PUBLIC_HEALTH,2026-10-09
onboarding,3,West Virginia,wv,izgateway2.stchealthops.com,dex,CDC,PUBLIC_HEALTH,2026-10-09
onboarding,3,Puerto Rico,pr,izgateway2.stchealthops.com,dex,CDC,PUBLIC_HEALTH,2026-10-09
onboarding,3,Mississippi,ms,izgateway2.stchealthops.com,dex,CDC,PUBLIC_HEALTH,2026-10-09
onboarding,3,Tennessee,tn,izgateway2.stchealthops.com,dex,CDC,PUBLIC_HEALTH,2026-10-09
onboarding,3,Ohio,oh,izgateway2.stchealthops.com,dex,CDC,PUBLIC_HEALTH,2026-10-09
onboarding,3,Arizona,az,izgateway2.stchealthops.com,dex,CDC,PUBLIC_HEALTH,2026-10-09
onboarding,3,Louisiana,la,izgateway2.stchealthops.com,dex,CDC,PUBLIC_HEALTH,2026-10-09
onboarding,3,Indiana,in,izgateway2.stchealthops.com,dex,CDC,PUBLIC_HEALTH,2026-10-09
onboarding,3,District of Columbia,dc,izgateway2.stchealthops.com,dex,CDC,PUBLIC_HEALTH,2026-10-09
onboarding,3,Virginia,va,izgateway2.stchealthops.com,dex,CDC,PUBLIC_HEALTH,2026-10-09
onboarding,3,Illinois,il,icarehl7test.dph.illinois.gov,dex,CDC,PUBLIC_HEALTH,2027-04-14
onboarding,3,Florida,fl,flshotsizgatewaydev.flshots.com,dex,CDC,PUBLIC_HEALTH,2026-12-02
onboarding,3,Alabama,al,test-izgateway.adph.state.al.us,dex,CDC,PUBLIC_HEALTH,2027-04-08
onboarding,3,New York City - New York State,nyc,izg-onboarding.immunize.nyc,dex,CDC,PUBLIC_HEALTH,2027-03-03
onboarding,3,Rhode Island,ri,cdc-izg-onboarding-client-certificate.kidsnet.health.ri.gov,dex,CDC,PUBLIC_HEALTH,2027-08-07
onboarding,3,Pennsylvania,pa,PA-test.izgateway.envisiontechnology.com,dex,CDC,PUBLIC_HEALTH,2027-06-16
onboarding,3,Kentucky,ky,KY-test.izgateway.envisiontechnology.com,dex,CDC,PUBLIC_HEALTH,2027-05-25
onboarding,3,Kansas,ks,KS-test.izgateway.envisiontechnology.com,dex,CDC,PUBLIC_HEALTH,2027-05-25
onboarding,3,Connecticut,ct,CT-test.izgateway.envisiontechnology.com,dex,CDC,PUBLIC_HEALTH,2027-05-25
onboarding,3,Arkansas,ar,AR-test.izgateway.envisiontechnology.com,dex,CDC,PUBLIC_HEALTH,2027-05-25
onboarding,3,Delaware,de,DE-test.izgateway.envisiontechnology.com,dex,CDC,PUBLIC_HEALTH,2027-05-25
onboarding,3,Colorado,co,CO-test.izgateway.envisiontechnology.com,dex,CDC,PUBLIC_HEALTH,2027-05-25
onboarding,3,Pennsylvania - Philadelphia,ph,Philly-test.izgateway.envisiontechnology.com,dex,CDC,PUBLIC_HEALTH,2027-05-25
onboarding,3,Oklahoma,ok,OK-test.izgateway.envisiontechnology.com,dex,CDC,PUBLIC_HEALTH,2027-05-25
onboarding,3,Nevada,nv,NV-test.izgateway.envisiontechnology.com,dex,CDC,PUBLIC_HEALTH,2027-05-25
onboarding,3,New Mexico,nm,NM-test.izgateway.envisiontechnology.com,dex,CDC,PUBLIC_HEALTH,2027-05-25
onboarding,3,Marshall Islands - PI,mh,RMI-test.izgateway.envisiontechnology.com,dex,CDC,PUBLIC_HEALTH,2027-05-25
onboarding,3,Palau - PI,pw,Palau-test.izgateway.envisiontechnology.com,dex,CDC,PUBLIC_HEALTH,2027-05-25
onboarding,3,N. Mariana Islands - PI,mp,CNMI-test.izgateway.envisiontechnology.com,dex,CDC,PUBLIC_HEALTH,2027-05-25
onboarding,3,Micronesia - PI,fm,FSM-test.izgateway.envisiontechnology.com,dex,CDC,PUBLIC_HEALTH,2027-05-25
onboarding,3,Guam - PI,gu,Guam-test.izgateway.envisiontechnology.com,dex,CDC,PUBLIC_HEALTH,2027-05-25
onboarding,3,American Samoa - PI,as,AS-test.izgateway.envisiontechnology.com,dex,CDC,PUBLIC_HEALTH,2027-05-25
onboarding,3,Oregon,or,soa-test.alertiis.org,dex,CDC,PUBLIC_HEALTH,2026-11-21
onboarding,3,Wisconsin,wi,training.dhswir.org,dex,CDC,PUBLIC_HEALTH,2026-12-12
onboarding,3,Maryland,md,immutest.health.maryland.gov,dex,CDC,PUBLIC_HEALTH,2027-02-15
onboarding,3,Texas,tx,uat-immtrac.dshs.state.tx.us,dex,CDC,PUBLIC_HEALTH,2027-05-08
onboarding,3,Puerto Rico,pr,izgateway2.stchealthops.com,ny_qbp,New York State (QBP),PUBLIC_HEALTH,2026-10-09
